timestamp,prediction_timestamp,contract_key,contract_name,prediction,market_price_at_pred,market_price_now,predicted_direction,actual_direction,direction_correct,squared_error,market_squared_error,edge_vs_market,tier
2026-03-30T03:17:42Z,2026-03-29T01:27:58Z,us-iran-nuclear-deal-before-2027,US-Iran nuclear deal before 2027?,0.45,0.475,0.495,down,up,False,0.002025,0.0004,-0.001625,haiku
2026-03-30T03:17:42Z,2026-03-29T01:27:58Z,us-iran-nuclear-deal-by-april-30,US-Iran nuclear deal by April 30?,0.21,0.22,0.125,down,down,True,0.007225,0.009025,0.0018,sonnet
2026-03-30T03:17:42Z,2026-03-29T01:27:58Z,strait-of-hormuz-traffic-returns-to-normal-by-april-30,Strait of Hormuz traffic returns to normal by end of April?,0.22,0.235,0.215,down,down,True,2.5e-05,0.0004,0.000375,sonnet
2026-03-30T03:17:42Z,2026-03-29T01:27:58Z,save-act-signed-into-law-in-2026,H.R. 22 (SAVE Act) signed into law in 2026?,0.1,0.13,0.125,down,down,True,0.000625,2.5e-05,-0.0006,haiku
2026-03-30T03:17:42Z,2026-03-29T01:27:58Z,us-recession-by-end-of-2026,US recession by end of 2026?,0.33,0.355,0.365,down,up,False,0.001225,0.0001,-0.001125,haiku
2026-03-30T03:17:42Z,2026-03-29T01:27:58Z,gta-6-launch-postponed-again,GTA 6 launch postponed again?,0.25,0.26,0.275,down,up,False,0.000625,0.000225,-0.0004,haiku
2026-03-30T03:17:42Z,2026-03-29T03:02:03Z,us-iran-nuclear-deal-before-2027,US-Iran nuclear deal before 2027?,0.28,0.475,0.495,down,up,False,0.046225,0.0004,-0.045825,sonnet
2026-03-30T03:17:42Z,2026-03-29T03:02:03Z,us-iran-nuclear-deal-by-april-30,US-Iran nuclear deal by April 30?,0.12,0.22,0.125,down,down,True,2.5e-05,0.009025,0.009,sonnet
2026-03-30T03:17:42Z,2026-03-29T03:02:03Z,strait-of-hormuz-traffic-returns-to-normal-by-april-30,Strait of Hormuz traffic returns to normal by end of April?,0.22,0.235,0.215,down,down,True,2.5e-05,0.0004,0.000375,sonnet
2026-03-30T03:17:42Z,2026-03-29T03:02:03Z,save-act-signed-into-law-in-2026,H.R. 22 (SAVE Act) signed into law in 2026?,0.16,0.13,0.125,up,down,False,0.001225,2.5e-05,-0.0012,haiku
2026-03-30T03:17:42Z,2026-03-29T03:02:03Z,us-recession-by-end-of-2026,US recession by end of 2026?,0.32,0.355,0.365,down,up,False,0.002025,0.0001,-0.001925,haiku
2026-03-30T03:17:42Z,2026-03-29T03:02:03Z,gta-6-launch-postponed-again,GTA 6 launch postponed again?,0.29,0.27,0.275,up,up,True,0.000225,2.5e-05,-0.0002,sonnet
2026-03-30T09:26:31Z,2026-03-29T13:14:30Z,us-iran-nuclear-deal-before-2027,US-Iran nuclear deal before 2027?,0.44,0.48,0.495,down,up,False,0.003025,0.000225,-0.0028,sonnet
2026-03-30T09:26:31Z,2026-03-29T13:14:30Z,us-iran-nuclear-deal-by-april-30,US-Iran nuclear deal by April 30?,0.14,0.125,0.135,up,up,True,2.5e-05,0.0001,7.5e-05,haiku
2026-03-30T09:26:31Z,2026-03-29T13:14:30Z,strait-of-hormuz-traffic-returns-to-normal-by-april-30,Strait of Hormuz traffic returns to normal by end of April?,0.28,0.235,0.195,up,down,False,0.007225,0.0016,-0.005625,haiku
2026-03-30T09:26:31Z,2026-03-29T13:14:30Z,save-act-signed-into-law-in-2026,H.R. 22 (SAVE Act) signed into law in 2026?,0.14,0.125,0.13,up,up,True,0.0001,2.5e-05,-7.5e-05,sonnet
2026-03-30T09:26:31Z,2026-03-29T13:14:30Z,us-recession-by-end-of-2026,US recession by end of 2026?,0.38,0.355,0.365,up,up,True,0.000225,0.0001,-0.000125,haiku
2026-03-31T03:05:19Z,2026-03-30T03:03:17Z,us-iran-nuclear-deal-before-2027,US-Iran nuclear deal before 2027?,0.35,0.495,0.485,down,down,True,0.018225,0.0001,-0.018125,sonnet
2026-03-31T03:05:19Z,2026-03-30T03:03:17Z,us-iran-nuclear-deal-by-april-30,US-Iran nuclear deal by April 30?,0.16,0.125,0.13,up,up,True,0.0009,2.5e-05,-0.000875,haiku
2026-03-31T03:05:19Z,2026-03-30T03:03:17Z,strait-of-hormuz-traffic-returns-to-normal-by-april-30,Strait of Hormuz traffic returns to normal by end of April?,0.18,0.215,0.165,down,down,True,0.000225,0.0025,0.002275,haiku
2026-03-31T03:05:19Z,2026-03-30T03:03:17Z,save-act-signed-into-law-in-2026,H.R. 22 (SAVE Act) signed into law in 2026?,0.13,0.125,0.13,up,up,True,0.0,2.5e-05,2.5e-05,haiku
2026-03-31T03:05:19Z,2026-03-30T03:03:17Z,us-recession-by-end-of-2026,US recession by end of 2026?,0.33,0.365,0.375,down,up,False,0.002025,0.0001,-0.001925,haiku
2026-03-31T03:05:19Z,2026-03-30T03:03:17Z,gta-6-launch-postponed-again,GTA 6 launch postponed again?,0.24,0.275,0.27,down,down,True,0.0009,2.5e-05,-0.000875,haiku
2026-03-31T14:05:18Z,2026-03-30T13:52:42Z,us-iran-nuclear-deal-before-2027,US-Iran nuclear deal before 2027?,0.46,0.505,0.49,down,down,True,0.0009,0.000225,-0.000675,haiku
2026-03-31T14:05:18Z,2026-03-30T13:52:42Z,us-iran-nuclear-deal-by-april-30,US-Iran nuclear deal by April 30?,0.11,0.125,0.135,down,up,False,0.000625,0.0001,-0.000525,haiku
2026-03-31T14:05:18Z,2026-03-30T13:52:42Z,strait-of-hormuz-traffic-returns-to-normal-by-april-30,Strait of Hormuz traffic returns to normal by end of April?,0.16,0.195,0.175,down,down,True,0.000225,0.0004,0.000175,haiku
2026-03-31T14:05:18Z,2026-03-30T13:52:42Z,save-act-signed-into-law-in-2026,H.R. 22 (SAVE Act) signed into law in 2026?,0.15,0.13,0.13,up,flat,False,0.0004,0.0,-0.0004,haiku
2026-03-31T14:05:18Z,2026-03-30T13:52:42Z,us-recession-by-end-of-2026,US recession by end of 2026?,0.35,0.375,0.365,down,down,True,0.000225,0.0001,-0.000125,haiku
2026-04-01T06:07:34Z,2026-03-31T02:54:04Z,us-iran-nuclear-deal-before-2027,US-Iran nuclear deal before 2027?,0.52,0.485,0.46,up,down,False,0.0036,0.000625,-0.002975,haiku
2026-04-01T06:07:34Z,2026-03-31T02:54:04Z,us-iran-nuclear-deal-by-april-30,US-Iran nuclear deal by April 30?,0.1,0.13,0.145,down,up,False,0.002025,0.000225,-0.0018,haiku
2026-04-01T06:07:34Z,2026-03-31T02:54:04Z,strait-of-hormuz-traffic-returns-to-normal-by-april-30,Strait of Hormuz traffic returns to normal by end of April?,0.14,0.175,0.225,down,up,False,0.007225,0.0025,-0.004725,haiku
2026-04-01T06:07:34Z,2026-03-31T02:54:04Z,save-act-signed-into-law-in-2026,H.R. 22 (SAVE Act) signed into law in 2026?,0.12,0.13,0.125,down,down,True,2.5e-05,2.5e-05,0.0,haiku
2026-04-01T06:07:34Z,2026-03-31T02:54:04Z,us-recession-by-end-of-2026,US recession by end of 2026?,0.36,0.375,0.305,down,down,True,0.003025,0.0049,0.001875,haiku
2026-04-01T06:07:34Z,2026-03-31T02:54:04Z,gta-6-launch-postponed-again,GTA 6 launch postponed again?,0.26,0.27,0.27,down,flat,False,0.0001,0.0,-0.0001,haiku
2026-04-01T14:06:11Z,2026-03-31T13:52:47Z,us-iran-nuclear-deal-before-2027,US-Iran nuclear deal before 2027?,0.49,0.49,0.445,flat,down,False,0.002025,0.002025,0.0,haiku
2026-04-01T14:06:11Z,2026-03-31T13:52:47Z,us-iran-nuclear-deal-by-april-30,US-Iran nuclear deal by April 30?,0.09,0.135,0.12,down,down,True,0.0009,0.000225,-0.000675,haiku
2026-04-01T14:06:11Z,2026-03-31T13:52:47Z,strait-of-hormuz-traffic-returns-to-normal-by-april-30,Strait of Hormuz traffic returns to normal by end of April?,0.19,0.175,0.195,up,up,True,2.5e-05,0.0004,0.000375,haiku
2026-04-01T14:06:11Z,2026-03-31T13:52:47Z,save-act-signed-into-law-in-2026,H.R. 22 (SAVE Act) signed into law in 2026?,0.12,0.13,0.125,down,down,True,2.5e-05,2.5e-05,0.0,haiku
2026-04-01T14:06:11Z,2026-03-31T13:52:47Z,us-recession-by-end-of-2026,US recession by end of 2026?,0.39,0.375,0.305,up,down,False,0.007225,0.0049,-0.002325,haiku
2026-04-02T13:44:48Z,2026-04-01T13:54:43Z,us-iran-nuclear-deal-before-2027,US-Iran nuclear deal before 2027?,0.48,0.445,0.385,up,down,False,0.009025,0.0036,-0.005425,haiku
2026-04-02T13:44:48Z,2026-04-01T13:54:43Z,us-iran-nuclear-deal-by-april-30,US-Iran nuclear deal by April 30?,0.12,0.115,0.045,up,down,False,0.005625,0.0049,-0.000725,haiku
2026-04-02T13:44:48Z,2026-04-01T13:54:43Z,strait-of-hormuz-traffic-returns-to-normal-by-april-30,Strait of Hormuz traffic returns to normal by end of April?,0.18,0.195,0.125,down,down,True,0.003025,0.0049,0.001875,haiku
2026-04-02T13:44:48Z,2026-04-01T13:54:43Z,save-act-signed-into-law-in-2026,H.R. 22 (SAVE Act) signed into law in 2026?,0.11,0.125,0.135,down,up,False,0.000625,0.0001,-0.000525,haiku
2026-04-02T13:44:48Z,2026-04-01T13:54:43Z,us-recession-by-end-of-2026,US recession by end of 2026?,0.35,0.305,0.335,up,up,True,0.000225,0.0009,0.000675,haiku
2026-04-03T03:12:49Z,2026-04-02T02:53:10Z,us-iran-nuclear-deal-before-2027,US-Iran nuclear deal before 2027?,0.42,0.385,0.385,up,flat,False,0.001225,0.0,-0.001225,haiku
2026-04-03T03:12:49Z,2026-04-02T02:53:10Z,us-iran-nuclear-deal-by-april-30,US-Iran nuclear deal by April 30?,0.04,0.055,0.0335,down,down,True,4.2e-05,0.000462,0.00042,haiku
2026-04-03T03:12:49Z,2026-04-02T02:53:10Z,strait-of-hormuz-traffic-returns-to-normal-by-april-30,Strait of Hormuz traffic returns to normal by end of April?,0.16,0.135,0.115,up,down,False,0.002025,0.0004,-0.001625,haiku
2026-04-03T03:12:49Z,2026-04-02T02:53:10Z,save-act-signed-into-law-in-2026,H.R. 22 (SAVE Act) signed into law in 2026?,0.16,0.135,0.115,up,down,False,0.002025,0.0004,-0.001625,haiku
2026-04-03T03:12:49Z,2026-04-02T02:53:10Z,us-recession-by-end-of-2026,US recession by end of 2026?,0.3,0.325,0.315,down,down,True,0.000225,0.0001,-0.000125,haiku
2026-04-03T03:12:49Z,2026-04-02T02:53:10Z,gta-6-launch-postponed-again,GTA 6 launch postponed again?,0.24,0.275,0.31,down,up,False,0.0049,0.001225,-0.003675,haiku
2026-04-03T13:32:11Z,2026-04-02T13:34:20Z,us-iran-nuclear-deal-before-2027,US-Iran nuclear deal before 2027?,0.41,0.385,0.39,up,up,True,0.0004,2.5e-05,-0.000375,sonnet
2026-04-03T13:32:11Z,2026-04-02T13:34:20Z,us-iran-nuclear-deal-by-april-30,US-Iran nuclear deal by April 30?,0.03,0.045,0.0305,down,down,True,0.0,0.00021,0.00021,haiku
2026-04-03T13:32:11Z,2026-04-02T13:34:20Z,strait-of-hormuz-traffic-returns-to-normal-by-april-30,Strait of Hormuz traffic returns to normal by end of April?,0.12,0.135,0.095,down,down,True,0.000625,0.0016,0.000975,haiku
2026-04-03T13:32:11Z,2026-04-02T13:34:20Z,save-act-signed-into-law-in-2026,H.R. 22 (SAVE Act) signed into law in 2026?,0.12,0.135,0.115,down,down,True,2.5e-05,0.0004,0.000375,haiku
2026-04-03T13:32:11Z,2026-04-02T13:34:20Z,us-recession-by-end-of-2026,US recession by end of 2026?,0.32,0.315,0.275,up,down,False,0.002025,0.0016,-0.000425,haiku
2026-04-04T02:56:18Z,2026-04-03T02:55:31Z,us-iran-nuclear-deal-before-2027,US-Iran nuclear deal before 2027?,0.43,0.385,0.385,up,flat,False,0.002025,0.0,-0.002025,haiku
2026-04-04T02:56:18Z,2026-04-03T02:55:31Z,us-iran-nuclear-deal-by-april-30,US-Iran nuclear deal by April 30?,0.03,0.0325,0.0335,down,up,False,1.2e-05,1e-06,-1.1e-05,haiku
2026-04-04T02:56:18Z,2026-04-03T02:55:31Z,strait-of-hormuz-traffic-returns-to-normal-by-april-30,Strait of Hormuz traffic returns to normal by end of April?,0.09,0.115,0.115,down,flat,False,0.000625,0.0,-0.000625,haiku
2026-04-04T02:56:18Z,2026-04-03T02:55:31Z,save-act-signed-into-law-in-2026,H.R. 22 (SAVE Act) signed into law in 2026?,0.1,0.115,0.105,down,down,True,2.5e-05,0.0001,7.5e-05,haiku
2026-04-04T02:56:18Z,2026-04-03T02:55:31Z,us-recession-by-end-of-2026,US recession by end of 2026?,0.32,0.315,0.315,up,flat,False,2.5e-05,0.0,-2.5e-05,haiku
2026-04-04T02:56:18Z,2026-04-03T02:55:31Z,gta-6-launch-postponed-again,GTA 6 launch postponed again?,0.37,0.31,0.33,up,up,True,0.0016,0.0004,-0.0012,sonnet
2026-04-04T13:22:42Z,2026-04-03T13:20:11Z,us-iran-nuclear-deal-before-2027,US-Iran nuclear deal before 2027?,0.42,0.39,0.385,up,down,False,0.001225,2.5e-05,-0.0012,haiku
2026-04-04T13:22:42Z,2026-04-03T13:20:11Z,us-iran-nuclear-deal-by-april-30,US-Iran nuclear deal by April 30?,0.04,0.031,0.031,up,flat,False,8.1e-05,0.0,-8.1e-05,haiku
2026-04-04T13:22:42Z,2026-04-03T13:20:11Z,strait-of-hormuz-traffic-returns-to-normal-by-april-30,Strait of Hormuz traffic returns to normal by end of April?,0.06,0.095,0.095,down,flat,False,0.001225,0.0,-0.001225,haiku
2026-04-04T13:22:42Z,2026-04-03T13:20:11Z,save-act-signed-into-law-in-2026,H.R. 22 (SAVE Act) signed into law in 2026?,0.1,0.115,0.105,down,down,True,2.5e-05,0.0001,7.5e-05,haiku
2026-04-04T13:22:42Z,2026-04-03T13:20:11Z,us-recession-by-end-of-2026,US recession by end of 2026?,0.28,0.275,0.315,up,up,True,0.001225,0.0016,0.000375,haiku
2026-04-05T03:13:37Z,2026-04-04T02:44:25Z,us-iran-nuclear-deal-before-2027,US-Iran nuclear deal before 2027?,0.42,0.385,0.385,up,flat,False,0.001225,0.0,-0.001225,haiku
2026-04-05T03:13:37Z,2026-04-04T02:44:25Z,us-iran-nuclear-deal-by-april-30,US-Iran nuclear deal by April 30?,0.05,0.0335,0.027,up,down,False,0.000529,4.2e-05,-0.000487,haiku
2026-04-05T03:13:37Z,2026-04-04T02:44:25Z,strait-of-hormuz-traffic-returns-to-normal-by-april-30,Strait of Hormuz traffic returns to normal by end of April?,0.08,0.115,0.085,down,down,True,2.5e-05,0.0009,0.000875,haiku
2026-04-05T03:13:37Z,2026-04-04T02:44:25Z,save-act-signed-into-law-in-2026,H.R. 22 (SAVE Act) signed into law in 2026?,0.09,0.105,0.105,down,flat,False,0.000225,0.0,-0.000225,haiku
2026-04-05T03:13:37Z,2026-04-04T02:44:25Z,us-recession-by-end-of-2026,US recession by end of 2026?,0.33,0.315,0.285,up,down,False,0.002025,0.0009,-0.001125,haiku
2026-04-05T03:13:37Z,2026-04-04T02:44:25Z,gta-6-launch-postponed-again,GTA 6 launch postponed again?,0.35,0.33,0.355,up,up,True,2.5e-05,0.000625,0.0006,sonnet
2026-04-05T13:24:56Z,2026-04-04T13:12:20Z,us-iran-nuclear-deal-before-2027,US-Iran nuclear deal before 2027?,0.38,0.385,0.385,down,flat,False,2.5e-05,0.0,-2.5e-05,haiku
2026-04-05T13:24:56Z,2026-04-04T13:12:20Z,us-iran-nuclear-deal-by-april-30,US-Iran nuclear deal by April 30?,0.04,0.031,0.0305,up,flat,False,9e-05,0.0,-9e-05,haiku
2026-04-05T13:24:56Z,2026-04-04T13:12:20Z,strait-of-hormuz-traffic-returns-to-normal-by-april-30,Strait of Hormuz traffic returns to normal by end of April?,0.07,0.095,0.105,down,up,False,0.001225,0.0001,-0.001125,haiku
2026-04-05T13:24:56Z,2026-04-04T13:12:20Z,save-act-signed-into-law-in-2026,H.R. 22 (SAVE Act) signed into law in 2026?,0.1,0.105,0.105,down,flat,False,2.5e-05,0.0,-2.5e-05,haiku
2026-04-05T13:24:56Z,2026-04-04T13:12:20Z,us-recession-by-end-of-2026,US recession by end of 2026?,0.32,0.315,0.305,up,down,False,0.000225,0.0001,-0.000125,haiku
2026-04-06T03:16:09Z,2026-04-05T03:01:21Z,us-iran-nuclear-deal-before-2027,US-Iran nuclear deal before 2027?,0.42,0.385,0.405,up,up,True,0.000225,0.0004,0.000175,haiku
2026-04-06T03:16:09Z,2026-04-05T03:01:21Z,us-iran-nuclear-deal-by-april-30,US-Iran nuclear deal by April 30?,0.04,0.027,0.049,up,up,True,8.1e-05,0.000484,0.000403,haiku
2026-04-06T03:16:09Z,2026-04-05T03:01:21Z,strait-of-hormuz-traffic-returns-to-normal-by-april-30,Strait of Hormuz traffic returns to normal by end of April?,0.07,0.085,0.15,down,up,False,0.0064,0.004225,-0.002175,haiku
2026-04-06T03:16:09Z,2026-04-05T03:01:21Z,save-act-signed-into-law-in-2026,H.R. 22 (SAVE Act) signed into law in 2026?,0.1,0.105,0.105,down,flat,False,2.5e-05,0.0,-2.5e-05,haiku
2026-04-06T03:16:09Z,2026-04-05T03:01:21Z,us-recession-by-end-of-2026,US recession by end of 2026?,0.3,0.285,0.315,up,up,True,0.000225,0.0009,0.000675,haiku
2026-04-06T03:16:09Z,2026-04-05T03:01:21Z,gta-6-launch-postponed-again,GTA 6 launch postponed again?,0.45,0.355,0.35,up,down,False,0.01,2.5e-05,-0.009975,sonnet
2026-04-06T09:22:00Z,2026-04-05T13:15:54Z,us-iran-nuclear-deal-before-2027,US-Iran nuclear deal before 2027?,0.35,0.385,0.415,down,up,False,0.004225,0.0009,-0.003325,haiku
2026-04-06T09:22:00Z,2026-04-05T13:15:54Z,us-iran-nuclear-deal-by-april-30,US-Iran nuclear deal by April 30?,0.03,0.031,0.047,down,up,False,0.000289,0.000256,-3.3e-05,haiku
2026-04-06T09:22:00Z,2026-04-05T13:15:54Z,strait-of-hormuz-traffic-returns-to-normal-by-april-30,Strait of Hormuz traffic returns to normal by end of April?,0.16,0.105,0.16,up,up,True,0.0,0.003025,0.003025,sonnet
2026-04-06T09:22:00Z,2026-04-05T13:15:54Z,save-act-signed-into-law-in-2026,H.R. 22 (SAVE Act) signed into law in 2026?,0.09,0.105,0.105,down,flat,False,0.000225,0.0,-0.000225,haiku
2026-04-06T09:22:00Z,2026-04-05T13:15:54Z,us-recession-by-end-of-2026,US recession by end of 2026?,0.31,0.305,0.32,up,up,True,0.0001,0.000225,0.000125,haiku
2026-04-07T03:07:11Z,2026-04-06T03:02:21Z,us-iran-nuclear-deal-before-2027,US-Iran nuclear deal before 2027?,0.28,0.405,0.42,down,up,False,0.0196,0.000225,-0.019375,sonnet
2026-04-07T03:07:11Z,2026-04-06T03:02:21Z,us-iran-nuclear-deal-by-april-30,US-Iran nuclear deal by April 30?,0.03,0.0485,0.059,down,up,False,0.000841,0.00011,-0.000731,haiku
2026-04-07T03:07:11Z,2026-04-06T03:02:21Z,strait-of-hormuz-traffic-returns-to-normal-by-april-30,Strait of Hormuz traffic returns to normal by end of April?,0.13,0.15,0.155,down,up,False,0.000625,2.5e-05,-0.0006,haiku
2026-04-07T03:07:11Z,2026-04-06T03:02:21Z,save-act-signed-into-law-in-2026,H.R. 22 (SAVE Act) signed into law in 2026?,0.14,0.105,0.105,up,flat,False,0.001225,0.0,-0.001225,haiku
2026-04-07T03:07:11Z,2026-04-06T03:02:21Z,us-recession-by-end-of-2026,US recession by end of 2026?,0.32,0.315,0.315,up,flat,False,2.5e-05,0.0,-2.5e-05,haiku
2026-04-07T03:07:11Z,2026-04-06T03:02:21Z,gta-6-launch-postponed-again,GTA 6 launch postponed again?,0.37,0.35,0.36,up,up,True,0.0001,0.0001,0.0,sonnet
2026-04-07T13:46:55Z,2026-04-06T13:26:17Z,us-iran-nuclear-deal-before-2027,US-Iran nuclear deal before 2027?,0.38,0.42,0.435,down,up,False,0.003025,0.000225,-0.0028,haiku
2026-04-07T13:46:55Z,2026-04-06T13:26:17Z,us-iran-nuclear-deal-by-april-30,US-Iran nuclear deal by April 30?,0.04,0.0445,0.095,down,up,False,0.003025,0.00255,-0.000475,haiku
2026-04-07T13:46:55Z,2026-04-06T13:26:17Z,strait-of-hormuz-traffic-returns-to-normal-by-april-30,Strait of Hormuz traffic returns to normal by end of April?,0.12,0.155,0.125,down,down,True,2.5e-05,0.0009,0.000875,haiku
2026-04-07T13:46:55Z,2026-04-06T13:26:17Z,save-act-signed-into-law-in-2026,H.R. 22 (SAVE Act) signed into law in 2026?,0.1,0.105,0.105,down,flat,False,2.5e-05,0.0,-2.5e-05,sonnet
2026-04-07T13:46:55Z,2026-04-06T13:26:17Z,us-recession-by-end-of-2026,US recession by end of 2026?,0.3,0.32,0.325,down,up,False,0.000625,2.5e-05,-0.0006,haiku
2026-04-08T03:15:49Z,2026-04-07T02:55:49Z,us-iran-nuclear-deal-before-2027,US-Iran nuclear deal before 2027?,0.4,0.42,0.585,down,up,False,0.034225,0.027225,-0.007,haiku
2026-04-08T03:15:49Z,2026-04-07T02:55:49Z,us-iran-nuclear-deal-by-april-30,US-Iran nuclear deal by April 30?,0.04,0.0585,0.2815,down,up,False,0.058322,0.049729,-0.008593,haiku
2026-04-08T03:15:49Z,2026-04-07T02:55:49Z,strait-of-hormuz-traffic-returns-to-normal-by-april-30,Strait of Hormuz traffic returns to normal by end of April?,0.1,0.145,0.39,down,up,False,0.0841,0.060025,-0.024075,haiku
2026-04-08T03:15:49Z,2026-04-07T02:55:49Z,save-act-signed-into-law-in-2026,H.R. 22 (SAVE Act) signed into law in 2026?,0.11,0.105,0.13,up,up,True,0.0004,0.000625,0.000225,haiku
2026-04-08T03:15:49Z,2026-04-07T02:55:49Z,us-recession-by-end-of-2026,US recession by end of 2026?,0.31,0.315,0.34,down,up,False,0.0009,0.000625,-0.000275,haiku
2026-04-08T03:15:49Z,2026-04-07T02:55:49Z,gta-6-launch-postponed-again,GTA 6 launch postponed again?,0.34,0.36,0.345,down,down,True,2.5e-05,0.000225,0.0002,sonnet
2026-04-08T14:04:11Z,2026-04-07T13:35:53Z,us-iran-nuclear-deal-before-2027,US-Iran nuclear deal before 2027?,0.48,0.435,0.58,up,up,True,0.01,0.021025,0.011025,haiku
2026-04-08T14:04:11Z,2026-04-07T13:35:53Z,us-iran-nuclear-deal-by-april-30,US-Iran nuclear deal by April 30?,0.06,0.095,0.2335,down,up,False,0.030102,0.019182,-0.01092,haiku
2026-04-08T14:04:11Z,2026-04-07T13:35:53Z,strait-of-hormuz-traffic-returns-to-normal-by-april-30,Strait of Hormuz traffic returns to normal by end of April?,0.12,0.115,0.385,up,up,True,0.070225,0.0729,0.002675,sonnet
2026-04-08T14:04:11Z,2026-04-07T13:35:53Z,save-act-signed-into-law-in-2026,H.R. 22 (SAVE Act) signed into law in 2026?,0.11,0.105,0.13,up,up,True,0.0004,0.000625,0.000225,haiku
2026-04-08T14:04:11Z,2026-04-07T13:35:53Z,us-recession-by-end-of-2026,US recession by end of 2026?,0.33,0.325,0.305,up,down,False,0.000625,0.0004,-0.000225,haiku
2026-04-09T03:03:54Z,2026-04-08T02:59:41Z,us-iran-nuclear-deal-before-2027,US-Iran nuclear deal before 2027?,0.38,0.585,0.565,down,down,True,0.034225,0.0004,-0.033825,sonnet
2026-04-09T03:03:54Z,2026-04-08T02:59:41Z,us-iran-nuclear-deal-by-april-30,US-Iran nuclear deal by April 30?,0.08,0.2865,0.163,down,down,True,0.006889,0.015252,0.008363,sonnet
2026-04-09T03:03:54Z,2026-04-08T02:59:41Z,strait-of-hormuz-traffic-returns-to-normal-by-april-30,Strait of Hormuz traffic returns to normal by end of April?,0.34,0.37,0.255,down,down,True,0.007225,0.013225,0.006,sonnet
2026-04-09T03:03:54Z,2026-04-08T02:59:41Z,save-act-signed-into-law-in-2026,H.R. 22 (SAVE Act) signed into law in 2026?,0.12,0.13,0.13,down,flat,False,0.0001,0.0,-0.0001,haiku
2026-04-09T03:03:54Z,2026-04-08T02:59:41Z,us-recession-by-end-of-2026,US recession by end of 2026?,0.31,0.33,0.295,down,down,True,0.000225,0.001225,0.001,haiku
2026-04-09T03:03:54Z,2026-04-08T02:59:41Z,gta-6-launch-postponed-again,GTA 6 launch postponed again?,0.37,0.345,0.31,up,down,False,0.0036,0.001225,-0.002375,sonnet
2026-04-09T14:17:14Z,2026-04-08T13:52:05Z,us-iran-nuclear-deal-before-2027,US-Iran nuclear deal before 2027?,0.42,0.58,0.56,down,down,True,0.0196,0.0004,-0.0192,sonnet
2026-04-09T14:17:14Z,2026-04-08T13:52:05Z,us-iran-nuclear-deal-by-april-30,US-Iran nuclear deal by April 30?,0.26,0.2315,0.2505,up,up,True,9e-05,0.000361,0.000271,sonnet
2026-04-09T14:17:14Z,2026-04-08T13:52:05Z,strait-of-hormuz-traffic-returns-to-normal-by-april-30,Strait of Hormuz traffic returns to normal by end of April?,0.38,0.345,0.225,up,down,False,0.024025,0.0144,-0.009625,haiku
2026-04-09T14:17:14Z,2026-04-08T13:52:05Z,save-act-signed-into-law-in-2026,H.R. 22 (SAVE Act) signed into law in 2026?,0.14,0.13,0.13,up,flat,False,0.0001,0.0,-0.0001,sonnet
2026-04-09T14:17:14Z,2026-04-08T13:52:05Z,us-recession-by-end-of-2026,US recession by end of 2026?,0.32,0.315,0.295,up,down,False,0.000625,0.0004,-0.000225,haiku
2026-04-10T03:19:13Z,2026-04-09T02:51:30Z,us-iran-nuclear-deal-before-2027,US-Iran nuclear deal before 2027?,0.58,0.565,0.54,up,down,False,0.0016,0.000625,-0.000975,haiku
2026-04-10T03:19:13Z,2026-04-09T02:51:30Z,us-iran-nuclear-deal-by-april-30,US-Iran nuclear deal by April 30?,0.14,0.163,0.191,down,up,False,0.002601,0.000784,-0.001817,haiku
2026-04-10T03:19:13Z,2026-04-09T02:51:30Z,strait-of-hormuz-traffic-returns-to-normal-by-april-30,Strait of Hormuz traffic returns to normal by end of April?,0.18,0.255,0.245,down,down,True,0.004225,0.0001,-0.004125,sonnet
2026-04-10T03:19:13Z,2026-04-09T02:51:30Z,save-act-signed-into-law-in-2026,H.R. 22 (SAVE Act) signed into law in 2026?,0.15,0.13,0.13,up,flat,False,0.0004,0.0,-0.0004,haiku
2026-04-10T03:19:13Z,2026-04-09T02:51:30Z,us-recession-by-end-of-2026,US recession by end of 2026?,0.27,0.295,0.245,down,down,True,0.000625,0.0025,0.001875,haiku
2026-04-10T03:19:13Z,2026-04-09T02:51:30Z,gta-6-launch-postponed-again,GTA 6 launch postponed again?,0.28,0.315,0.35,down,up,False,0.0049,0.001225,-0.003675,haiku
2026-04-10T13:38:06Z,2026-04-09T14:02:58Z,us-iran-nuclear-deal-before-2027,US-Iran nuclear deal before 2027?,0.58,0.56,0.565,up,up,True,0.000225,2.5e-05,-0.0002,sonnet
2026-04-10T13:38:06Z,2026-04-09T14:02:58Z,us-iran-nuclear-deal-by-april-30,US-Iran nuclear deal by April 30?,0.18,0.246,0.217,down,down,True,0.001369,0.000841,-0.000528,sonnet
2026-04-10T13:38:06Z,2026-04-09T14:02:58Z,strait-of-hormuz-traffic-returns-to-normal-by-april-30,Strait of Hormuz traffic returns to normal by end of April?,0.15,0.225,0.195,down,down,True,0.002025,0.0009,-0.001125,sonnet
2026-04-10T13:38:06Z,2026-04-09T14:02:58Z,save-act-signed-into-law-in-2026,H.R. 22 (SAVE Act) signed into law in 2026?,0.12,0.13,0.125,down,down,True,2.5e-05,2.5e-05,0.0,sonnet
2026-04-10T13:38:06Z,2026-04-09T14:02:58Z,us-recession-by-end-of-2026,US recession by end of 2026?,0.3,0.295,0.245,up,down,False,0.003025,0.0025,-0.000525,haiku
2026-04-11T02:58:55Z,2026-04-10T03:05:12Z,us-iran-nuclear-deal-before-2027,US-Iran nuclear deal before 2027?,0.52,0.54,0.59,down,up,False,0.0049,0.0025,-0.0024,haiku
2026-04-11T02:58:55Z,2026-04-10T03:05:12Z,us-iran-nuclear-deal-by-april-30,US-Iran nuclear deal by April 30?,0.08,0.191,0.1935,down,up,False,0.012882,6e-06,-0.012876,sonnet
2026-04-11T02:58:55Z,2026-04-10T03:05:12Z,strait-of-hormuz-traffic-returns-to-normal-by-april-30,Strait of Hormuz traffic returns to normal by end of April?,0.22,0.245,0.205,down,down,True,0.000225,0.0016,0.001375,sonnet
2026-04-11T02:58:55Z,2026-04-10T03:05:12Z,save-act-signed-into-law-in-2026,H.R. 22 (SAVE Act) signed into law in 2026?,0.14,0.13,0.125,up,down,False,0.000225,2.5e-05,-0.0002,haiku
2026-04-11T02:58:55Z,2026-04-10T03:05:12Z,us-recession-by-end-of-2026,US recession by end of 2026?,0.29,0.245,0.245,up,flat,False,0.002025,0.0,-0.002025,haiku
2026-04-11T02:58:55Z,2026-04-10T03:05:12Z,gta-6-launch-postponed-again,GTA 6 launch postponed again?,0.33,0.35,0.385,down,up,False,0.003025,0.001225,-0.0018,sonnet
2026-04-11T13:31:41Z,2026-04-10T13:26:58Z,us-iran-nuclear-deal-before-2027,US-Iran nuclear deal before 2027?,0.57,0.565,0.63,up,up,True,0.0036,0.004225,0.000625,sonnet
2026-04-11T13:31:41Z,2026-04-10T13:26:58Z,us-iran-nuclear-deal-by-april-30,US-Iran nuclear deal by April 30?,0.08,0.217,0.209,down,down,True,0.016641,6.4e-05,-0.016577,sonnet
2026-04-11T13:31:41Z,2026-04-10T13:26:58Z,strait-of-hormuz-traffic-returns-to-normal-by-april-30,Strait of Hormuz traffic returns to normal by end of April?,0.15,0.205,0.245,down,up,False,0.009025,0.0016,-0.007425,sonnet
2026-04-11T13:31:41Z,2026-04-10T13:26:58Z,save-act-signed-into-law-in-2026,H.R. 22 (SAVE Act) signed into law in 2026?,0.11,0.125,0.125,down,flat,False,0.000225,0.0,-0.000225,haiku
2026-04-11T13:31:41Z,2026-04-10T13:26:58Z,us-recession-by-end-of-2026,US recession by end of 2026?,0.28,0.245,0.245,up,flat,False,0.001225,0.0,-0.001225,haiku
2026-04-12T03:39:42Z,2026-04-11T02:47:36Z,us-iran-nuclear-deal-before-2027,US-Iran nuclear deal before 2027?,0.55,0.59,0.46,down,down,True,0.0081,0.0169,0.0088,haiku
2026-04-12T03:39:42Z,2026-04-11T02:47:36Z,us-iran-nuclear-deal-by-april-30,US-Iran nuclear deal by April 30?,0.22,0.1935,0.1315,up,down,False,0.007832,0.003844,-0.003988,haiku
2026-04-12T03:39:42Z,2026-04-11T02:47:36Z,strait-of-hormuz-traffic-returns-to-normal-by-april-30,Strait of Hormuz traffic returns to normal by end of April?,0.17,0.205,0.165,down,down,True,2.5e-05,0.0016,0.001575,sonnet
2026-04-12T03:39:42Z,2026-04-11T02:47:36Z,save-act-signed-into-law-in-2026,H.R. 22 (SAVE Act) signed into law in 2026?,0.12,0.125,0.125,down,flat,False,2.5e-05,0.0,-2.5e-05,haiku
2026-04-12T03:39:42Z,2026-04-11T02:47:36Z,us-recession-by-end-of-2026,US recession by end of 2026?,0.26,0.245,0.275,up,up,True,0.000225,0.0009,0.000675,haiku
2026-04-12T03:39:42Z,2026-04-11T02:47:36Z,gta-6-launch-postponed-again,GTA 6 launch postponed again?,0.41,0.385,0.39,up,up,True,0.0004,2.5e-05,-0.000375,sonnet
2026-04-12T13:32:01Z,2026-04-11T13:15:19Z,us-iran-nuclear-deal-before-2027,US-Iran nuclear deal before 2027?,0.64,0.63,0.475,up,down,False,0.027225,0.024025,-0.0032,sonnet
2026-04-12T13:32:01Z,2026-04-11T13:15:19Z,us-iran-nuclear-deal-by-april-30,US-Iran nuclear deal by April 30?,0.16,0.209,0.142,down,down,True,0.000324,0.004489,0.004165,haiku
2026-04-12T13:32:01Z,2026-04-11T13:15:19Z,strait-of-hormuz-traffic-returns-to-normal-by-april-30,Strait of Hormuz traffic returns to normal by end of April?,0.16,0.245,0.105,down,down,True,0.003025,0.0196,0.016575,sonnet
2026-04-12T13:32:01Z,2026-04-11T13:15:19Z,save-act-signed-into-law-in-2026,H.R. 22 (SAVE Act) signed into law in 2026?,0.11,0.125,0.12,down,down,True,0.0001,2.5e-05,-7.5e-05,haiku
2026-04-12T13:32:01Z,2026-04-11T13:15:19Z,us-recession-by-end-of-2026,US recession by end of 2026?,0.32,0.245,0.285,up,up,True,0.001225,0.0016,0.000375,sonnet
2026-04-13T03:50:10Z,2026-04-12T03:25:38Z,us-iran-nuclear-deal-before-2027,US-Iran nuclear deal before 2027?,0.5,0.46,0.51,up,up,True,0.0001,0.0025,0.0024,haiku
2026-04-13T03:50:10Z,2026-04-12T03:25:38Z,us-iran-nuclear-deal-by-april-30,US-Iran nuclear deal by April 30?,0.09,0.1375,0.1405,down,up,False,0.00255,9e-06,-0.002541,haiku
2026-04-13T03:50:10Z,2026-04-12T03:25:38Z,strait-of-hormuz-traffic-returns-to-normal-by-april-30,Strait of Hormuz traffic returns to normal by end of April?,0.2,0.155,0.125,up,down,False,0.005625,0.0009,-0.004725,haiku
2026-04-13T03:50:10Z,2026-04-12T03:25:38Z,save-act-signed-into-law-in-2026,H.R. 22 (SAVE Act) signed into law in 2026?,0.1,0.125,0.12,down,down,True,0.0004,2.5e-05,-0.000375,haiku
2026-04-13T03:50:10Z,2026-04-12T03:25:38Z,us-recession-by-end-of-2026,US recession by end of 2026?,0.28,0.275,0.305,up,up,True,0.000625,0.0009,0.000275,haiku
2026-04-13T03:50:10Z,2026-04-12T03:25:38Z,gta-6-launch-postponed-again,GTA 6 launch postponed again?,0.41,0.39,0.29,up,down,False,0.0144,0.01,-0.0044,sonnet
2026-04-13T10:09:38Z,2026-04-12T13:17:12Z,us-iran-nuclear-deal-before-2027,US-Iran nuclear deal before 2027?,0.48,0.495,0.515,down,up,False,0.001225,0.0004,-0.000825,sonnet
2026-04-13T10:09:38Z,2026-04-12T13:17:12Z,us-iran-nuclear-deal-by-april-30,US-Iran nuclear deal by April 30?,0.12,0.1415,0.148,down,up,False,0.000784,4.2e-05,-0.000742,haiku
2026-04-13T10:09:38Z,2026-04-12T13:17:12Z,strait-of-hormuz-traffic-returns-to-normal-by-april-30,Strait of Hormuz traffic returns to normal by end of April?,0.17,0.145,0.125,up,down,False,0.002025,0.0004,-0.001625,haiku
2026-04-13T10:09:38Z,2026-04-12T13:17:12Z,save-act-signed-into-law-in-2026,H.R. 22 (SAVE Act) signed into law in 2026?,0.09,0.12,0.12,down,flat,False,0.0009,0.0,-0.0009,haiku
2026-04-13T10:09:38Z,2026-04-12T13:17:12Z,us-recession-by-end-of-2026,US recession by end of 2026?,0.33,0.285,0.31,up,up,True,0.0004,0.000625,0.000225,haiku
2026-04-14T03:39:34Z,2026-04-13T03:33:38Z,us-iran-nuclear-deal-before-2027,US-Iran nuclear deal before 2027?,0.52,0.51,0.64,up,up,True,0.0144,0.0169,0.0025,sonnet
2026-04-14T03:39:34Z,2026-04-13T03:33:38Z,us-iran-nuclear-deal-by-april-30,US-Iran nuclear deal by April 30?,0.16,0.1375,0.234,up,up,True,0.005476,0.009312,0.003836,haiku
2026-04-14T03:39:34Z,2026-04-13T03:33:38Z,strait-of-hormuz-traffic-returns-to-normal-by-april-30,Strait of Hormuz traffic returns to normal by end of April?,0.13,0.125,0.265,up,up,True,0.018225,0.0196,0.001375,haiku
2026-04-14T03:39:34Z,2026-04-13T03:33:38Z,save-act-signed-into-law-in-2026,H.R. 22 (SAVE Act) signed into law in 2026?,0.1,0.12,0.12,down,flat,False,0.0004,0.0,-0.0004,haiku
2026-04-14T03:39:34Z,2026-04-13T03:33:38Z,us-recession-by-end-of-2026,US recession by end of 2026?,0.29,0.305,0.31,down,up,False,0.0004,2.5e-05,-0.000375,haiku
2026-04-14T03:39:34Z,2026-04-13T03:33:38Z,gta-6-launch-postponed-again,GTA 6 launch postponed again?,0.26,0.295,0.345,down,up,False,0.007225,0.0025,-0.004725,haiku
2026-04-14T14:24:21Z,2026-04-13T13:55:58Z,us-iran-nuclear-deal-before-2027,US-Iran nuclear deal before 2027?,0.42,0.52,0.645,down,up,False,0.050625,0.015625,-0.035,sonnet
2026-04-14T14:24:21Z,2026-04-13T13:55:58Z,us-iran-nuclear-deal-by-april-30,US-Iran nuclear deal by April 30?,0.11,0.148,0.32,down,up,False,0.0441,0.029584,-0.014516,haiku
2026-04-14T14:24:21Z,2026-04-13T13:55:58Z,strait-of-hormuz-traffic-returns-to-normal-by-april-30,Strait of Hormuz traffic returns to normal by end of April?,0.08,0.125,0.215,down,up,False,0.018225,0.0081,-0.010125,haiku
2026-04-14T14:24:21Z,2026-04-13T13:55:58Z,save-act-signed-into-law-in-2026,H.R. 22 (SAVE Act) signed into law in 2026?,0.09,0.12,0.12,down,flat,False,0.0009,0.0,-0.0009,haiku
2026-04-14T14:24:21Z,2026-04-13T13:55:58Z,us-recession-by-end-of-2026,US recession by end of 2026?,0.3,0.325,0.305,down,down,True,2.5e-05,0.0004,0.000375,haiku
2026-04-15T03:01:59Z,2026-04-14T03:22:40Z,us-iran-nuclear-deal-before-2027,US-Iran nuclear deal before 2027?,0.48,0.64,0.705,down,up,False,0.050625,0.004225,-0.0464,sonnet
2026-04-15T03:01:59Z,2026-04-14T03:22:40Z,us-iran-nuclear-deal-by-april-30,US-Iran nuclear deal by April 30?,0.22,0.2335,0.4085,down,up,False,0.035532,0.030625,-0.004907,sonnet
2026-04-15T03:01:59Z,2026-04-14T03:22:40Z,strait-of-hormuz-traffic-returns-to-normal-by-april-30,Strait of Hormuz traffic returns to normal by end of April?,0.18,0.265,0.235,down,down,True,0.003025,0.0009,-0.002125,sonnet
2026-04-15T03:01:59Z,2026-04-14T03:22:40Z,save-act-signed-into-law-in-2026,H.R. 22 (SAVE Act) signed into law in 2026?,0.1,0.12,0.12,down,flat,False,0.0004,0.0,-0.0004,haiku
2026-04-15T03:01:59Z,2026-04-14T03:22:40Z,us-recession-by-end-of-2026,US recession by end of 2026?,0.31,0.31,0.295,flat,down,False,0.000225,0.000225,0.0,haiku
2026-04-15T03:01:59Z,2026-04-14T03:22:40Z,gta-6-launch-postponed-again,GTA 6 launch postponed again?,0.3,0.345,0.335,down,down,True,0.001225,0.0001,-0.001125,haiku
2026-04-15T13:56:05Z,2026-04-14T14:04:17Z,us-iran-nuclear-deal-before-2027,US-Iran nuclear deal before 2027?,0.61,0.62,0.705,down,up,False,0.009025,0.007225,-0.0018,sonnet
2026-04-15T13:56:05Z,2026-04-14T14:04:17Z,us-iran-nuclear-deal-by-april-30,US-Iran nuclear deal by April 30?,0.25,0.3175,0.3195,down,up,False,0.00483,4e-06,-0.004826,sonnet
2026-04-15T13:56:05Z,2026-04-14T14:04:17Z,strait-of-hormuz-traffic-returns-to-normal-by-april-30,Strait of Hormuz traffic returns to normal by end of April?,0.16,0.185,0.255,down,up,False,0.009025,0.0049,-0.004125,haiku
2026-04-15T13:56:05Z,2026-04-14T14:04:17Z,save-act-signed-into-law-in-2026,H.R. 22 (SAVE Act) signed into law in 2026?,0.11,0.12,0.095,down,down,True,0.000225,0.000625,0.0004,haiku
2026-04-15T13:56:05Z,2026-04-14T14:04:17Z,us-recession-by-end-of-2026,US recession by end of 2026?,0.29,0.305,0.285,down,down,True,2.5e-05,0.0004,0.000375,haiku
2026-04-16T03:32:21Z,2026-04-15T03:01:26Z,us-iran-nuclear-deal-before-2027,US-Iran nuclear deal before 2027?,0.705,0.705,0.695,flat,down,False,0.0001,0.0001,0.0,haiku
2026-04-16T03:32:21Z,2026-04-15T03:01:26Z,us-iran-nuclear-deal-by-april-30,US-Iran nuclear deal by April 30?,0.4085,0.4085,0.388,flat,down,False,0.00042,0.00042,0.0,haiku
2026-04-16T03:32:21Z,2026-04-15T03:01:26Z,strait-of-hormuz-traffic-returns-to-normal-by-april-30,Strait of Hormuz traffic returns to normal by end of April?,0.235,0.235,0.255,flat,up,False,0.0004,0.0004,0.0,haiku
2026-04-16T03:32:21Z,2026-04-15T03:01:26Z,save-act-signed-into-law-in-2026,H.R. 22 (SAVE Act) signed into law in 2026?,0.12,0.12,0.095,flat,down,False,0.000625,0.000625,0.0,haiku
2026-04-16T03:32:21Z,2026-04-15T03:01:26Z,us-recession-by-end-of-2026,US recession by end of 2026?,0.295,0.295,0.285,flat,down,False,0.0001,0.0001,0.0,haiku
2026-04-16T03:32:21Z,2026-04-15T03:01:26Z,gta-6-launch-postponed-again,GTA 6 launch postponed again?,0.335,0.335,0.34,flat,up,True,2.5e-05,2.5e-05,0.0,haiku
2026-04-16T14:07:44Z,2026-04-15T13:55:34Z,us-iran-nuclear-deal-before-2027,US-Iran nuclear deal before 2027?,0.705,0.705,0.695,flat,down,False,0.0001,0.0001,0.0,haiku
2026-04-16T14:07:44Z,2026-04-15T13:55:34Z,us-iran-nuclear-deal-by-april-30,US-Iran nuclear deal by April 30?,0.3195,0.3195,0.283,flat,down,False,0.001332,0.001332,0.0,haiku
2026-04-16T14:07:44Z,2026-04-15T13:55:34Z,strait-of-hormuz-traffic-returns-to-normal-by-april-30,Strait of Hormuz traffic returns to normal by end of April?,0.255,0.255,0.195,flat,down,False,0.0036,0.0036,0.0,haiku
2026-04-16T14:07:44Z,2026-04-15T13:55:34Z,save-act-signed-into-law-in-2026,H.R. 22 (SAVE Act) signed into law in 2026?,0.095,0.095,0.095,flat,flat,True,0.0,0.0,0.0,haiku
2026-04-16T14:07:44Z,2026-04-15T13:55:34Z,us-recession-by-end-of-2026,US recession by end of 2026?,0.285,0.285,0.285,flat,flat,True,0.0,0.0,0.0,haiku
2026-04-17T03:24:04Z,2026-04-16T03:31:47Z,us-iran-nuclear-deal-before-2027,US-Iran nuclear deal before 2027?,0.7,0.7,0.73,flat,up,False,0.0009,0.0009,0.0,haiku
2026-04-17T03:24:04Z,2026-04-16T03:31:47Z,us-iran-nuclear-deal-by-april-30,US-Iran nuclear deal by April 30?,0.388,0.388,0.4345,flat,up,False,0.002162,0.002162,0.0,haiku
2026-04-17T03:24:04Z,2026-04-16T03:31:47Z,strait-of-hormuz-traffic-returns-to-normal-by-april-30,Strait of Hormuz traffic returns to normal by end of April?,0.255,0.255,0.275,flat,up,False,0.0004,0.0004,0.0,haiku
2026-04-17T03:24:04Z,2026-04-16T03:31:47Z,save-act-signed-into-law-in-2026,H.R. 22 (SAVE Act) signed into law in 2026?,0.095,0.095,0.105,flat,up,True,0.0001,0.0001,0.0,haiku
2026-04-17T03:24:04Z,2026-04-16T03:31:47Z,us-recession-by-end-of-2026,US recession by end of 2026?,0.285,0.285,0.255,flat,down,False,0.0009,0.0009,0.0,haiku
2026-04-17T03:24:04Z,2026-04-16T03:31:47Z,gta-6-launch-postponed-again,GTA 6 launch postponed again?,0.34,0.34,0.325,flat,down,False,0.000225,0.000225,0.0,haiku
2026-04-17T13:50:01Z,2026-04-16T14:07:14Z,us-iran-nuclear-deal-before-2027,US-Iran nuclear deal before 2027?,0.695,0.695,0.775,flat,up,False,0.0064,0.0064,0.0,haiku
2026-04-17T13:50:01Z,2026-04-16T14:07:14Z,us-iran-nuclear-deal-by-april-30,US-Iran nuclear deal by April 30?,0.283,0.283,0.5765,flat,up,False,0.086142,0.086142,0.0,haiku
2026-04-17T13:50:01Z,2026-04-16T14:07:14Z,strait-of-hormuz-traffic-returns-to-normal-by-april-30,Strait of Hormuz traffic returns to normal by end of April?,0.195,0.195,0.47,flat,up,False,0.075625,0.075625,0.0,haiku
2026-04-17T13:50:01Z,2026-04-16T14:07:14Z,save-act-signed-into-law-in-2026,H.R. 22 (SAVE Act) signed into law in 2026?,0.095,0.095,0.095,flat,flat,True,0.0,0.0,0.0,haiku
2026-04-17T13:50:01Z,2026-04-16T14:07:14Z,us-recession-by-end-of-2026,US recession by end of 2026?,0.285,0.285,0.265,flat,down,False,0.0004,0.0004,0.0,haiku
2026-04-18T02:56:22Z,2026-04-17T03:23:30Z,us-iran-nuclear-deal-before-2027,US-Iran nuclear deal before 2027?,0.73,0.73,0.845,flat,up,False,0.013225,0.013225,0.0,haiku
2026-04-18T02:56:22Z,2026-04-17T03:23:30Z,us-iran-nuclear-deal-by-april-30,US-Iran nuclear deal by April 30?,0.434,0.434,0.5935,flat,up,False,0.02544,0.02544,0.0,haiku
2026-04-18T02:56:22Z,2026-04-17T03:23:30Z,strait-of-hormuz-traffic-returns-to-normal-by-april-30,Strait of Hormuz traffic returns to normal by end of April?,0.275,0.275,0.375,flat,up,False,0.01,0.01,0.0,haiku
2026-04-18T02:56:22Z,2026-04-17T03:23:30Z,save-act-signed-into-law-in-2026,H.R. 22 (SAVE Act) signed into law in 2026?,0.105,0.105,0.105,flat,flat,True,0.0,0.0,0.0,haiku
2026-04-18T02:56:22Z,2026-04-17T03:23:30Z,us-recession-by-end-of-2026,US recession by end of 2026?,0.255,0.255,0.25,flat,down,True,2.5e-05,2.5e-05,0.0,haiku
2026-04-18T02:56:22Z,2026-04-17T03:23:30Z,gta-6-launch-postponed-again,GTA 6 launch postponed again?,0.325,0.325,0.265,flat,down,False,0.0036,0.0036,0.0,haiku
2026-04-18T13:18:49Z,2026-04-17T13:49:36Z,us-iran-nuclear-deal-before-2027,US-Iran nuclear deal before 2027?,0.775,0.775,0.765,flat,down,False,0.0001,0.0001,0.0,haiku
2026-04-18T13:18:49Z,2026-04-17T13:49:36Z,us-iran-nuclear-deal-by-april-30,US-Iran nuclear deal by April 30?,0.5755,0.5755,0.4505,flat,down,False,0.015625,0.015625,0.0,haiku
2026-04-18T13:18:49Z,2026-04-17T13:49:36Z,strait-of-hormuz-traffic-returns-to-normal-by-april-30,Strait of Hormuz traffic returns to normal by end of April?,0.47,0.47,0.29,flat,down,False,0.0324,0.0324,0.0,haiku
2026-04-18T13:18:49Z,2026-04-17T13:49:36Z,save-act-signed-into-law-in-2026,H.R. 22 (SAVE Act) signed into law in 2026?,0.095,0.095,0.105,flat,up,True,0.0001,0.0001,0.0,haiku
2026-04-18T13:18:49Z,2026-04-17T13:49:36Z,us-recession-by-end-of-2026,US recession by end of 2026?,0.265,0.265,0.245,flat,down,False,0.0004,0.0004,0.0,haiku
2026-04-19T03:43:59Z,2026-04-18T02:55:39Z,us-iran-nuclear-deal-before-2027,US-Iran nuclear deal before 2027?,0.845,0.845,0.75,flat,down,False,0.009025,0.009025,0.0,haiku
2026-04-19T03:43:59Z,2026-04-18T02:55:39Z,us-iran-nuclear-deal-by-april-30,US-Iran nuclear deal by April 30?,0.5935,0.5935,0.3565,flat,down,False,0.056169,0.056169,0.0,haiku
2026-04-19T03:43:59Z,2026-04-18T02:55:39Z,strait-of-hormuz-traffic-returns-to-normal-by-april-30,Strait of Hormuz traffic returns to normal by end of April?,0.365,0.365,0.215,flat,down,False,0.0225,0.0225,0.0,haiku
2026-04-19T03:43:59Z,2026-04-18T02:55:39Z,save-act-signed-into-law-in-2026,H.R. 22 (SAVE Act) signed into law in 2026?,0.105,0.105,0.125,flat,up,False,0.0004,0.0004,0.0,haiku
2026-04-19T03:43:59Z,2026-04-18T02:55:39Z,us-recession-by-end-of-2026,US recession by end of 2026?,0.25,0.25,0.255,flat,up,True,2.5e-05,2.5e-05,0.0,haiku
2026-04-19T03:43:59Z,2026-04-18T02:55:39Z,gta-6-launch-postponed-again,GTA 6 launch postponed again?,0.265,0.265,0.32,flat,up,False,0.003025,0.003025,0.0,haiku
2026-04-19T13:31:45Z,2026-04-18T13:18:24Z,us-iran-nuclear-deal-before-2027,US-Iran nuclear deal before 2027?,0.765,0.765,0.72,flat,down,False,0.002025,0.002025,0.0,haiku
2026-04-19T13:31:45Z,2026-04-18T13:18:24Z,us-iran-nuclear-deal-by-april-30,US-Iran nuclear deal by April 30?,0.4505,0.4505,0.474,flat,up,False,0.000552,0.000552,0.0,haiku
2026-04-19T13:31:45Z,2026-04-18T13:18:24Z,strait-of-hormuz-traffic-returns-to-normal-by-april-30,Strait of Hormuz traffic returns to normal by end of April?,0.29,0.29,0.275,flat,down,False,0.000225,0.000225,0.0,haiku
2026-04-19T13:31:45Z,2026-04-18T13:18:24Z,save-act-signed-into-law-in-2026,H.R. 22 (SAVE Act) signed into law in 2026?,0.105,0.105,0.125,flat,up,False,0.0004,0.0004,0.0,haiku
2026-04-19T13:31:45Z,2026-04-18T13:18:24Z,us-recession-by-end-of-2026,US recession by end of 2026?,0.245,0.245,0.255,flat,up,False,0.0001,0.0001,0.0,haiku
2026-04-20T03:48:50Z,2026-04-19T03:30:07Z,us-iran-nuclear-deal-before-2027,US-Iran nuclear deal before 2027?,0.76,0.745,0.705,up,down,False,0.003025,0.0016,-0.001425,haiku
2026-04-20T03:48:50Z,2026-04-19T03:30:07Z,us-iran-nuclear-deal-by-april-30,US-Iran nuclear deal by April 30?,0.32,0.3595,0.346,down,down,True,0.000676,0.000182,-0.000494,haiku
2026-04-20T03:48:50Z,2026-04-19T03:30:07Z,strait-of-hormuz-traffic-returns-to-normal-by-april-30,Strait of Hormuz traffic returns to normal by end of April?,0.12,0.22,0.255,down,up,False,0.018225,0.001225,-0.017,sonnet
2026-04-20T03:48:50Z,2026-04-19T03:30:07Z,save-act-signed-into-law-in-2026,H.R. 22 (SAVE Act) signed into law in 2026?,0.11,0.125,0.125,down,flat,False,0.000225,0.0,-0.000225,haiku
2026-04-20T03:48:50Z,2026-04-19T03:30:07Z,us-recession-by-end-of-2026,US recession by end of 2026?,0.26,0.255,0.25,up,down,False,0.0001,2.5e-05,-7.5e-05,haiku
2026-04-20T03:48:50Z,2026-04-19T03:30:07Z,gta-6-launch-postponed-again,GTA 6 launch postponed again?,0.28,0.32,0.295,down,down,True,0.000225,0.000625,0.0004,haiku
2026-04-20T10:15:56Z,2026-04-19T13:18:27Z,us-iran-nuclear-deal-before-2027,US-Iran nuclear deal before 2027?,0.76,0.72,0.72,up,flat,False,0.0016,0.0,-0.0016,haiku
2026-04-20T10:15:56Z,2026-04-19T13:18:27Z,us-iran-nuclear-deal-by-april-30,US-Iran nuclear deal by April 30?,0.28,0.482,0.346,down,down,True,0.004356,0.018496,0.01414,sonnet
2026-04-20T10:15:56Z,2026-04-19T13:18:27Z,strait-of-hormuz-traffic-returns-to-normal-by-april-30,Strait of Hormuz traffic returns to normal by end of April?,0.15,0.275,0.265,down,down,True,0.013225,0.0001,-0.013125,sonnet
2026-04-20T10:15:56Z,2026-04-19T13:18:27Z,save-act-signed-into-law-in-2026,H.R. 22 (SAVE Act) signed into law in 2026?,0.11,0.125,0.125,down,flat,False,0.000225,0.0,-0.000225,haiku
2026-04-20T10:15:56Z,2026-04-19T13:18:27Z,us-recession-by-end-of-2026,US recession by end of 2026?,0.26,0.255,0.25,up,down,False,0.0001,2.5e-05,-7.5e-05,haiku
2026-04-21T03:42:29Z,2026-04-20T03:33:32Z,us-iran-nuclear-deal-before-2027,US-Iran nuclear deal before 2027?,0.52,0.695,0.765,down,up,False,0.060025,0.0049,-0.055125,sonnet
2026-04-21T03:42:29Z,2026-04-20T03:33:32Z,us-iran-nuclear-deal-by-april-30,US-Iran nuclear deal by April 30?,0.25,0.345,0.3915,down,up,False,0.020022,0.002162,-0.01786,sonnet
2026-04-21T03:42:29Z,2026-04-20T03:33:32Z,strait-of-hormuz-traffic-returns-to-normal-by-april-30,Strait of Hormuz traffic returns to normal by end of April?,0.23,0.255,0.285,down,up,False,0.003025,0.0009,-0.002125,sonnet
2026-04-21T03:42:29Z,2026-04-20T03:33:32Z,save-act-signed-into-law-in-2026,H.R. 22 (SAVE Act) signed into law in 2026?,0.11,0.125,0.135,down,up,False,0.000625,0.0001,-0.000525,haiku
2026-04-21T03:42:29Z,2026-04-20T03:33:32Z,us-recession-by-end-of-2026,US recession by end of 2026?,0.23,0.25,0.255,down,up,False,0.000625,2.5e-05,-0.0006,haiku
2026-04-21T03:42:29Z,2026-04-20T03:33:32Z,gta-6-launch-postponed-again,GTA 6 launch postponed again?,0.32,0.295,0.325,up,up,True,2.5e-05,0.0009,0.000875,sonnet
2026-04-21T14:18:06Z,2026-04-20T13:59:46Z,us-iran-nuclear-deal-before-2027,US-Iran nuclear deal before 2027?,0.62,0.735,0.705,down,down,True,0.007225,0.0009,-0.006325,sonnet
2026-04-21T14:18:06Z,2026-04-20T13:59:46Z,us-iran-nuclear-deal-by-april-30,US-Iran nuclear deal by April 30?,0.25,0.4685,0.404,down,down,True,0.023716,0.00416,-0.019556,sonnet
2026-04-21T14:18:06Z,2026-04-20T13:59:46Z,strait-of-hormuz-traffic-returns-to-normal-by-april-30,Strait of Hormuz traffic returns to normal by end of April?,0.36,0.305,0.215,up,down,False,0.021025,0.0081,-0.012925,sonnet
2026-04-21T14:18:06Z,2026-04-20T13:59:46Z,save-act-signed-into-law-in-2026,H.R. 22 (SAVE Act) signed into law in 2026?,0.13,0.125,0.135,up,up,True,2.5e-05,0.0001,7.5e-05,haiku
2026-04-21T14:18:06Z,2026-04-20T13:59:46Z,us-recession-by-end-of-2026,US recession by end of 2026?,0.24,0.255,0.245,down,down,True,2.5e-05,0.0001,7.5e-05,haiku
2026-04-22T03:41:10Z,2026-04-21T03:24:48Z,us-iran-nuclear-deal-before-2027,US-Iran nuclear deal before 2027?,0.77,0.765,0.685,up,down,False,0.007225,0.0064,-0.000825,sonnet
2026-04-22T03:41:10Z,2026-04-21T03:24:48Z,us-iran-nuclear-deal-by-april-30,US-Iran nuclear deal by April 30?,0.25,0.404,0.187,down,down,True,0.003969,0.047089,0.04312,sonnet
2026-04-22T03:41:10Z,2026-04-21T03:24:48Z,strait-of-hormuz-traffic-returns-to-normal-by-april-30,Strait of Hormuz traffic returns to normal by end of April?,0.18,0.285,0.105,down,down,True,0.005625,0.0324,0.026775,sonnet
2026-04-22T03:41:10Z,2026-04-21T03:24:48Z,save-act-signed-into-law-in-2026,H.R. 22 (SAVE Act) signed into law in 2026?,0.11,0.135,0.125,down,down,True,0.000225,0.0001,-0.000125,haiku
2026-04-22T03:41:10Z,2026-04-21T03:24:48Z,us-recession-by-end-of-2026,US recession by end of 2026?,0.26,0.255,0.265,up,up,True,2.5e-05,0.0001,7.5e-05,haiku
2026-04-22T03:41:10Z,2026-04-21T03:24:48Z,gta-6-launch-postponed-again,GTA 6 launch postponed again?,0.28,0.325,0.26,down,down,True,0.0004,0.004225,0.003825,haiku
2026-04-22T14:18:08Z,2026-04-21T14:02:45Z,us-iran-nuclear-deal-before-2027,US-Iran nuclear deal before 2027?,0.76,0.795,0.675,down,down,True,0.007225,0.0144,0.007175,haiku
2026-04-22T14:18:08Z,2026-04-21T14:02:45Z,us-iran-nuclear-deal-by-april-30,US-Iran nuclear deal by April 30?,0.25,0.4335,0.169,down,down,True,0.006561,0.06996,0.063399,sonnet
2026-04-22T14:18:08Z,2026-04-21T14:02:45Z,strait-of-hormuz-traffic-returns-to-normal-by-april-30,Strait of Hormuz traffic returns to normal by end of April?,0.15,0.245,0.095,down,down,True,0.003025,0.0225,0.019475,sonnet
2026-04-22T14:18:08Z,2026-04-21T14:02:45Z,save-act-signed-into-law-in-2026,H.R. 22 (SAVE Act) signed into law in 2026?,0.11,0.135,0.125,down,down,True,0.000225,0.0001,-0.000125,haiku
2026-04-22T14:18:08Z,2026-04-21T14:02:45Z,us-recession-by-end-of-2026,US recession by end of 2026?,0.24,0.245,0.265,down,up,False,0.000625,0.0004,-0.000225,haiku
2026-04-23T03:50:59Z,2026-04-22T03:25:36Z,us-iran-nuclear-deal-before-2027,US-Iran nuclear deal before 2027?,0.72,0.675,0.685,up,up,True,0.001225,0.0001,-0.001125,haiku
2026-04-23T03:50:59Z,2026-04-22T03:25:36Z,us-iran-nuclear-deal-by-april-30,US-Iran nuclear deal by April 30?,0.15,0.194,0.144,down,down,True,3.6e-05,0.0025,0.002464,haiku
2026-04-23T03:50:59Z,2026-04-22T03:25:36Z,strait-of-hormuz-traffic-returns-to-normal-by-april-30,Strait of Hormuz traffic returns to normal by end of April?,0.095,0.105,0.045,down,down,True,0.0025,0.0036,0.0011,sonnet
2026-04-23T03:50:59Z,2026-04-22T03:25:36Z,save-act-signed-into-law-in-2026,H.R. 22 (SAVE Act) signed into law in 2026?,0.12,0.125,0.125,down,flat,False,2.5e-05,0.0,-2.5e-05,haiku
2026-04-23T03:50:59Z,2026-04-22T03:25:36Z,us-recession-by-end-of-2026,US recession by end of 2026?,0.27,0.265,0.26,up,down,False,0.0001,2.5e-05,-7.5e-05,haiku
2026-04-23T03:50:59Z,2026-04-22T03:25:36Z,gta-6-launch-postponed-again,GTA 6 launch postponed again?,0.28,0.26,0.285,up,up,True,2.5e-05,0.000625,0.0006,haiku
2026-04-23T14:23:58Z,2026-04-22T14:03:14Z,us-iran-nuclear-deal-before-2027,US-Iran nuclear deal before 2027?,0.68,0.67,0.665,up,down,False,0.000225,2.5e-05,-0.0002,sonnet
2026-04-23T14:23:58Z,2026-04-22T14:03:14Z,us-iran-nuclear-deal-by-april-30,US-Iran nuclear deal by April 30?,0.14,0.169,0.0625,down,down,True,0.006006,0.011342,0.005336,sonnet
2026-04-23T14:23:58Z,2026-04-22T14:03:14Z,strait-of-hormuz-traffic-returns-to-normal-by-april-30,Strait of Hormuz traffic returns to normal by end of April?,0.12,0.095,0.0305,up,down,False,0.00801,0.00416,-0.00385,haiku
2026-04-23T14:23:58Z,2026-04-22T14:03:14Z,save-act-signed-into-law-in-2026,H.R. 22 (SAVE Act) signed into law in 2026?,0.12,0.12,0.125,flat,up,True,2.5e-05,2.5e-05,0.0,haiku
2026-04-23T14:23:58Z,2026-04-22T14:03:14Z,us-recession-by-end-of-2026,US recession by end of 2026?,0.28,0.265,0.255,up,down,False,0.000625,0.0001,-0.000525,haiku
2026-04-24T03:44:15Z,2026-04-23T03:28:20Z,us-iran-nuclear-deal-before-2027,US-Iran nuclear deal before 2027?,0.68,0.69,0.675,down,down,True,2.5e-05,0.000225,0.0002,sonnet
2026-04-24T03:44:15Z,2026-04-23T03:28:20Z,us-iran-nuclear-deal-by-april-30,US-Iran nuclear deal by April 30?,0.18,0.144,0.0635,up,down,False,0.013572,0.00648,-0.007092,haiku
2026-04-24T03:44:15Z,2026-04-23T03:28:20Z,strait-of-hormuz-traffic-returns-to-normal-by-april-30,Strait of Hormuz traffic returns to normal by end of April?,0.06,0.055,0.0285,up,down,False,0.000992,0.000702,-0.00029,haiku
2026-04-24T03:44:15Z,2026-04-23T03:28:20Z,save-act-signed-into-law-in-2026,H.R. 22 (SAVE Act) signed into law in 2026?,0.14,0.125,0.115,up,down,False,0.000625,0.0001,-0.000525,sonnet
2026-04-24T03:44:15Z,2026-04-23T03:28:20Z,us-recession-by-end-of-2026,US recession by end of 2026?,0.25,0.26,0.26,down,flat,False,0.0001,0.0,-0.0001,haiku
2026-04-24T03:44:15Z,2026-04-23T03:28:20Z,gta-6-launch-postponed-again,GTA 6 launch postponed again?,0.26,0.29,0.275,down,down,True,0.000225,0.000225,-0.0,haiku
2026-04-24T14:12:25Z,2026-04-23T14:04:44Z,us-iran-nuclear-deal-before-2027,US-Iran nuclear deal before 2027?,0.67,0.665,0.67,up,up,True,0.0,2.5e-05,2.5e-05,sonnet
2026-04-24T14:12:25Z,2026-04-23T14:04:44Z,us-iran-nuclear-deal-by-april-30,US-Iran nuclear deal by April 30?,0.09,0.061,0.0605,up,flat,False,0.00087,0.0,-0.00087,haiku
2026-04-24T14:12:25Z,2026-04-23T14:04:44Z,strait-of-hormuz-traffic-returns-to-normal-by-april-30,Strait of Hormuz traffic returns to normal by end of April?,0.04,0.0305,0.0175,up,down,False,0.000506,0.000169,-0.000337,haiku
2026-04-24T14:12:25Z,2026-04-23T14:04:44Z,save-act-signed-into-law-in-2026,H.R. 22 (SAVE Act) signed into law in 2026?,0.11,0.125,0.115,down,down,True,2.5e-05,0.0001,7.5e-05,sonnet
2026-04-24T14:12:25Z,2026-04-23T14:04:44Z,us-recession-by-end-of-2026,US recession by end of 2026?,0.25,0.255,0.26,down,up,False,0.0001,2.5e-05,-7.5e-05,haiku
2026-04-25T03:18:25Z,2026-04-24T03:30:04Z,us-iran-nuclear-deal-before-2027,US-Iran nuclear deal before 2027?,0.68,0.675,0.68,up,up,True,0.0,2.5e-05,2.5e-05,haiku
2026-04-25T03:18:25Z,2026-04-24T03:30:04Z,us-iran-nuclear-deal-by-april-30,US-Iran nuclear deal by April 30?,0.04,0.0645,0.0655,down,up,False,0.00065,1e-06,-0.000649,haiku
2026-04-25T03:18:25Z,2026-04-24T03:30:04Z,strait-of-hormuz-traffic-returns-to-normal-by-april-30,Strait of Hormuz traffic returns to normal by end of April?,0.02,0.0285,0.0185,down,down,True,2e-06,0.0001,9.8e-05,haiku
2026-04-25T03:18:25Z,2026-04-24T03:30:04Z,save-act-signed-into-law-in-2026,H.R. 22 (SAVE Act) signed into law in 2026?,0.12,0.115,0.125,up,up,True,2.5e-05,0.0001,7.5e-05,haiku
2026-04-25T03:18:25Z,2026-04-24T03:30:04Z,us-recession-by-end-of-2026,US recession by end of 2026?,0.25,0.26,0.26,down,flat,False,0.0001,0.0,-0.0001,haiku
2026-04-25T03:18:25Z,2026-04-24T03:30:04Z,gta-6-launch-postponed-again,GTA 6 launch postponed again?,0.27,0.275,0.275,down,flat,False,2.5e-05,0.0,-2.5e-05,haiku
2026-04-25T13:38:26Z,2026-04-24T13:57:03Z,us-iran-nuclear-deal-before-2027,US-Iran nuclear deal before 2027?,0.42,0.67,0.68,down,up,False,0.0676,0.0001,-0.0675,sonnet
2026-04-25T13:38:26Z,2026-04-24T13:57:03Z,us-iran-nuclear-deal-by-april-30,US-Iran nuclear deal by April 30?,0.09,0.0645,0.1085,up,up,True,0.000342,0.001936,0.001594,haiku
2026-04-25T13:38:26Z,2026-04-24T13:57:03Z,strait-of-hormuz-traffic-returns-to-normal-by-april-30,Strait of Hormuz traffic returns to normal by end of April?,0.02,0.0335,0.0135,down,down,True,4.2e-05,0.0004,0.000358,haiku
2026-04-25T13:38:26Z,2026-04-24T13:57:03Z,save-act-signed-into-law-in-2026,H.R. 22 (SAVE Act) signed into law in 2026?,0.12,0.115,0.125,up,up,True,2.5e-05,0.0001,7.5e-05,haiku
2026-04-25T13:38:26Z,2026-04-24T13:57:03Z,us-recession-by-end-of-2026,US recession by end of 2026?,0.24,0.26,0.255,down,down,True,0.000225,2.5e-05,-0.0002,haiku
2026-04-26T03:51:27Z,2026-04-25T02:59:37Z,us-iran-nuclear-deal-before-2027,US-Iran nuclear deal before 2027?,0.66,0.68,0.655,down,down,True,2.5e-05,0.000625,0.0006,sonnet
2026-04-26T03:51:27Z,2026-04-25T02:59:37Z,us-iran-nuclear-deal-by-april-30,US-Iran nuclear deal by April 30?,0.08,0.0645,0.0285,up,down,False,0.002652,0.001296,-0.001356,haiku
2026-04-26T03:51:27Z,2026-04-25T02:59:37Z,strait-of-hormuz-traffic-returns-to-normal-by-april-30,Strait of Hormuz traffic returns to normal by end of April?,0.02,0.021,0.0095,down,down,True,0.00011,0.000132,2.2e-05,haiku
2026-04-26T03:51:27Z,2026-04-25T02:59:37Z,save-act-signed-into-law-in-2026,H.R. 22 (SAVE Act) signed into law in 2026?,0.12,0.125,0.115,down,down,True,2.5e-05,0.0001,7.5e-05,haiku
2026-04-26T03:51:27Z,2026-04-25T02:59:37Z,us-recession-by-end-of-2026,US recession by end of 2026?,0.23,0.26,0.255,down,down,True,0.000625,2.5e-05,-0.0006,haiku
2026-04-26T03:51:27Z,2026-04-25T02:59:37Z,gta-6-launch-postponed-again,GTA 6 launch postponed again?,0.22,0.255,0.235,down,down,True,0.000225,0.0004,0.000175,haiku
2026-04-26T13:38:06Z,2026-04-25T13:23:30Z,us-iran-nuclear-deal-before-2027,US-Iran nuclear deal before 2027?,0.71,0.68,0.645,up,down,False,0.004225,0.001225,-0.003,haiku
2026-04-26T13:38:06Z,2026-04-25T13:23:30Z,us-iran-nuclear-deal-by-april-30,US-Iran nuclear deal by April 30?,0.14,0.1055,0.027,up,down,False,0.012769,0.006162,-0.006607,haiku
2026-04-26T13:38:06Z,2026-04-25T13:23:30Z,strait-of-hormuz-traffic-returns-to-normal-by-april-30,Strait of Hormuz traffic returns to normal by end of April?,0.02,0.0135,0.0065,up,down,False,0.000182,4.9e-05,-0.000133,haiku
2026-04-26T13:38:06Z,2026-04-25T13:23:30Z,save-act-signed-into-law-in-2026,H.R. 22 (SAVE Act) signed into law in 2026?,0.13,0.125,0.125,up,flat,False,2.5e-05,0.0,-2.5e-05,haiku
2026-04-26T13:38:06Z,2026-04-25T13:23:30Z,us-recession-by-end-of-2026,US recession by end of 2026?,0.23,0.255,0.255,down,flat,False,0.000625,0.0,-0.000625,haiku
2026-04-27T03:57:23Z,2026-04-26T03:37:30Z,us-iran-nuclear-deal-before-2027,US-Iran nuclear deal before 2027?,0.62,0.655,0.615,down,down,True,2.5e-05,0.0016,0.001575,haiku
2026-04-27T03:57:23Z,2026-04-26T03:37:30Z,us-iran-nuclear-deal-by-april-30,US-Iran nuclear deal by April 30?,0.02,0.034,0.021,down,down,True,1e-06,0.000169,0.000168,haiku
2026-04-27T03:57:23Z,2026-04-26T03:37:30Z,strait-of-hormuz-traffic-returns-to-normal-by-april-30,Strait of Hormuz traffic returns to normal by end of April?,0.01,0.0095,0.0045,flat,down,True,3e-05,2.5e-05,-5e-06,haiku
2026-04-27T03:57:23Z,2026-04-26T03:37:30Z,save-act-signed-into-law-in-2026,H.R. 22 (SAVE Act) signed into law in 2026?,0.12,0.115,0.095,up,down,False,0.000625,0.0004,-0.000225,haiku
2026-04-27T03:57:23Z,2026-04-26T03:37:30Z,us-recession-by-end-of-2026,US recession by end of 2026?,0.24,0.255,0.255,down,flat,False,0.000225,0.0,-0.000225,haiku
2026-04-27T03:57:23Z,2026-04-26T03:37:30Z,gta-6-launch-postponed-again,GTA 6 launch postponed again?,0.2,0.235,0.25,down,up,False,0.0025,0.000225,-0.002275,haiku
2026-04-27T10:29:27Z,2026-04-26T13:24:42Z,us-iran-nuclear-deal-before-2027,US-Iran nuclear deal before 2027?,0.62,0.645,0.56,down,down,True,0.0036,0.007225,0.003625,haiku
2026-04-27T10:29:27Z,2026-04-26T13:24:42Z,us-iran-nuclear-deal-by-april-30,US-Iran nuclear deal by April 30?,0.07,0.0265,0.018,up,down,False,0.002704,7.2e-05,-0.002632,haiku
2026-04-27T10:29:27Z,2026-04-26T13:24:42Z,strait-of-hormuz-traffic-returns-to-normal-by-april-30,Strait of Hormuz traffic returns to normal by end of April?,0.01,0.0065,0.0045,up,down,False,3e-05,4e-06,-2.6e-05,haiku
2026-04-27T10:29:27Z,2026-04-26T13:24:42Z,save-act-signed-into-law-in-2026,H.R. 22 (SAVE Act) signed into law in 2026?,0.11,0.12,0.1,down,down,True,0.0001,0.0004,0.0003,haiku
2026-04-27T10:29:27Z,2026-04-26T13:24:42Z,us-recession-by-end-of-2026,US recession by end of 2026?,0.23,0.255,0.255,down,flat,False,0.000625,0.0,-0.000625,haiku
2026-04-28T03:46:32Z,2026-04-27T03:42:15Z,us-iran-nuclear-deal-before-2027,US-Iran nuclear deal before 2027?,0.64,0.615,0.55,up,down,False,0.0081,0.004225,-0.003875,haiku
2026-04-28T03:46:32Z,2026-04-27T03:42:15Z,us-iran-nuclear-deal-by-april-30,US-Iran nuclear deal by April 30?,0.03,0.0205,0.0105,up,down,False,0.00038,0.0001,-0.00028,haiku
2026-04-28T03:46:32Z,2026-04-27T03:42:15Z,strait-of-hormuz-traffic-returns-to-normal-by-april-30,Strait of Hormuz traffic returns to normal by end of April?,0.015,0.0045,0.0035,up,flat,False,0.000132,1e-06,-0.000131,haiku
2026-04-28T03:46:32Z,2026-04-27T03:42:15Z,save-act-signed-into-law-in-2026,H.R. 22 (SAVE Act) signed into law in 2026?,0.1,0.095,0.1,up,up,True,0.0,2.5e-05,2.5e-05,haiku
2026-04-28T03:46:32Z,2026-04-27T03:42:15Z,gta-6-launch-postponed-again,GTA 6 launch postponed again?,0.22,0.25,0.275,down,up,False,0.003025,0.000625,-0.0024,haiku
2026-04-28T06:41:22Z,2026-04-27T03:42:15Z,us-recession-by-end-of-2026,US recession by end of 2026?,0.23,0.255,0.255,down,flat,False,0.000625,0.0,-0.000625,haiku
2026-04-28T10:26:25Z,2026-04-27T14:13:49Z,us-iran-nuclear-deal-before-2027,US-Iran nuclear deal before 2027?,0.585,0.585,0.56,flat,down,False,0.000625,0.000625,0.0,haiku
2026-04-28T10:26:25Z,2026-04-27T14:13:49Z,us-iran-nuclear-deal-by-april-30,US-Iran nuclear deal by April 30?,0.021,0.021,0.0105,flat,down,False,0.00011,0.00011,0.0,haiku
2026-04-28T10:26:25Z,2026-04-27T14:13:49Z,strait-of-hormuz-traffic-returns-to-normal-by-april-30,Strait of Hormuz traffic returns to normal by end of April?,0.0045,0.0045,0.0035,flat,flat,True,1e-06,1e-06,0.0,haiku
2026-04-28T10:26:25Z,2026-04-27T14:13:49Z,save-act-signed-into-law-in-2026,H.R. 22 (SAVE Act) signed into law in 2026?,0.1,0.1,0.1,flat,flat,True,0.0,0.0,0.0,haiku
2026-04-28T10:26:25Z,2026-04-27T14:13:49Z,us-recession-by-end-of-2026,US recession by end of 2026?,0.255,0.255,0.255,flat,flat,True,0.0,0.0,0.0,haiku
2026-04-29T03:58:15Z,2026-04-28T03:45:37Z,us-iran-nuclear-deal-before-2027,US-Iran nuclear deal before 2027?,0.55,0.55,0.535,flat,down,False,0.000225,0.000225,0.0,haiku
2026-04-29T03:58:15Z,2026-04-28T03:45:37Z,us-iran-nuclear-deal-by-april-30,US-Iran nuclear deal by April 30?,0.0105,0.0105,0.005,flat,down,True,3e-05,3e-05,0.0,haiku
2026-04-29T03:58:15Z,2026-04-28T03:45:37Z,strait-of-hormuz-traffic-returns-to-normal-by-april-30,Strait of Hormuz traffic returns to normal by end of April?,0.0035,0.0035,0.0045,flat,flat,True,1e-06,1e-06,0.0,haiku
2026-04-29T03:58:15Z,2026-04-28T03:45:37Z,save-act-signed-into-law-in-2026,H.R. 22 (SAVE Act) signed into law in 2026?,0.1,0.1,0.105,flat,up,True,2.5e-05,2.5e-05,0.0,haiku
2026-04-29T03:58:15Z,2026-04-28T03:45:37Z,us-recession-by-end-of-2026,US recession by end of 2026?,0.255,0.255,0.255,flat,flat,True,0.0,0.0,0.0,haiku
2026-04-29T03:58:15Z,2026-04-28T03:45:37Z,gta-6-launch-postponed-again,GTA 6 launch postponed again?,0.275,0.275,0.275,flat,flat,True,0.0,0.0,0.0,haiku
2026-04-29T14:33:56Z,2026-04-28T14:32:18Z,us-iran-nuclear-deal-before-2027,US-Iran nuclear deal before 2027?,0.555,0.555,0.525,flat,down,False,0.0009,0.0009,0.0,haiku
2026-04-29T14:33:56Z,2026-04-28T14:32:18Z,us-iran-nuclear-deal-by-april-30,US-Iran nuclear deal by April 30?,0.014,0.014,0.0045,flat,down,True,9e-05,9e-05,0.0,haiku
2026-04-29T14:33:56Z,2026-04-28T14:32:18Z,strait-of-hormuz-traffic-returns-to-normal-by-april-30,Strait of Hormuz traffic returns to normal by end of April?,0.0035,0.0035,0.0035,flat,flat,True,0.0,0.0,0.0,haiku
2026-04-29T14:33:56Z,2026-04-28T14:32:18Z,save-act-signed-into-law-in-2026,H.R. 22 (SAVE Act) signed into law in 2026?,0.1,0.1,0.11,flat,up,True,0.0001,0.0001,0.0,haiku
2026-04-29T14:33:56Z,2026-04-28T14:32:18Z,us-recession-by-end-of-2026,US recession by end of 2026?,0.245,0.245,0.235,flat,down,False,0.0001,0.0001,0.0,haiku
2026-04-30T03:44:45Z,2026-04-29T03:43:22Z,us-iran-nuclear-deal-before-2027,US-Iran nuclear deal before 2027?,0.52,0.535,0.535,down,flat,False,0.000225,0.0,-0.000225,haiku
2026-04-30T03:44:45Z,2026-04-29T03:43:22Z,us-iran-nuclear-deal-by-april-30,US-Iran nuclear deal by April 30?,0.01,0.006,0.004,up,down,False,3.6e-05,4e-06,-3.2e-05,haiku
2026-04-30T03:44:45Z,2026-04-29T03:43:22Z,strait-of-hormuz-traffic-returns-to-normal-by-april-30,Strait of Hormuz traffic returns to normal by end of April?,0.01,0.0045,0.0025,up,down,False,5.6e-05,4e-06,-5.2e-05,sonnet
2026-04-30T03:44:45Z,2026-04-29T03:43:22Z,save-act-signed-into-law-in-2026,H.R. 22 (SAVE Act) signed into law in 2026?,0.13,0.105,0.11,up,up,True,0.0004,2.5e-05,-0.000375,haiku
2026-04-30T03:44:45Z,2026-04-29T03:43:22Z,us-recession-by-end-of-2026,US recession by end of 2026?,0.23,0.255,0.255,down,flat,False,0.000625,0.0,-0.000625,haiku
2026-04-30T03:44:45Z,2026-04-29T03:43:22Z,gta-6-launch-postponed-again,GTA 6 launch postponed again?,0.25,0.275,0.255,down,down,True,2.5e-05,0.0004,0.000375,haiku
2026-04-30T14:14:54Z,2026-04-29T14:18:40Z,us-iran-nuclear-deal-before-2027,US-Iran nuclear deal before 2027?,0.48,0.525,0.525,down,flat,False,0.002025,0.0,-0.002025,haiku
2026-04-30T14:14:54Z,2026-04-29T14:18:40Z,us-iran-nuclear-deal-by-april-30,US-Iran nuclear deal by April 30?,0.01,0.003,0.003,up,flat,False,4.9e-05,0.0,-4.9e-05,haiku
2026-04-30T14:14:54Z,2026-04-29T14:18:40Z,strait-of-hormuz-traffic-returns-to-normal-by-april-30,Strait of Hormuz traffic returns to normal by end of April?,0.01,0.0035,0.0015,up,down,False,7.2e-05,4e-06,-6.8e-05,haiku
2026-04-30T14:14:54Z,2026-04-29T14:18:40Z,save-act-signed-into-law-in-2026,H.R. 22 (SAVE Act) signed into law in 2026?,0.14,0.11,0.11,up,flat,False,0.0009,0.0,-0.0009,haiku
2026-04-30T14:14:54Z,2026-04-29T14:18:40Z,us-recession-by-end-of-2026,US recession by end of 2026?,0.22,0.235,0.245,down,up,False,0.000625,0.0001,-0.000525,haiku
2026-05-01T03:57:01Z,2026-04-30T03:44:07Z,us-iran-nuclear-deal-before-2027,US-Iran nuclear deal before 2027?,0.535,0.535,0.525,flat,down,False,0.0001,0.0001,0.0,haiku
2026-05-01T03:57:01Z,2026-04-30T03:44:07Z,save-act-signed-into-law-in-2026,H.R. 22 (SAVE Act) signed into law in 2026?,0.11,0.11,0.105,flat,down,True,2.5e-05,2.5e-05,0.0,haiku
2026-05-01T03:57:01Z,2026-04-30T03:44:07Z,us-recession-by-end-of-2026,US recession by end of 2026?,0.255,0.255,0.215,flat,down,False,0.0016,0.0016,0.0,haiku
2026-05-01T03:57:01Z,2026-04-30T03:44:07Z,gta-6-launch-postponed-again,GTA 6 launch postponed again?,0.255,0.255,0.235,flat,down,False,0.0004,0.0004,0.0,haiku
2026-05-01T13:43:33Z,2026-04-30T14:14:31Z,us-iran-nuclear-deal-before-2027,US-Iran nuclear deal before 2027?,0.525,0.525,0.535,flat,up,False,0.0001,0.0001,0.0,haiku
2026-05-01T13:43:33Z,2026-04-30T14:14:31Z,save-act-signed-into-law-in-2026,H.R. 22 (SAVE Act) signed into law in 2026?,0.11,0.11,0.105,flat,down,True,2.5e-05,2.5e-05,0.0,haiku
2026-05-01T13:43:33Z,2026-04-30T14:14:31Z,us-recession-by-end-of-2026,US recession by end of 2026?,0.245,0.245,0.23,flat,down,False,0.000225,0.000225,0.0,haiku
2026-05-02T03:33:04Z,2026-05-01T03:56:24Z,us-iran-nuclear-deal-before-2027,US-Iran nuclear deal before 2027?,0.525,0.525,0.535,flat,up,False,0.0001,0.0001,0.0,haiku
2026-05-02T03:33:04Z,2026-05-01T03:56:24Z,save-act-signed-into-law-in-2026,H.R. 22 (SAVE Act) signed into law in 2026?,0.105,0.105,0.11,flat,up,True,2.5e-05,2.5e-05,0.0,haiku
2026-05-02T03:33:04Z,2026-05-01T03:56:24Z,us-recession-by-end-of-2026,US recession by end of 2026?,0.215,0.215,0.235,flat,up,False,0.0004,0.0004,0.0,haiku
2026-05-02T03:33:04Z,2026-05-01T03:56:24Z,gta-6-launch-postponed-again,GTA 6 launch postponed again?,0.235,0.235,0.22,flat,down,False,0.000225,0.000225,0.0,haiku
2026-05-02T13:30:09Z,2026-05-01T13:43:05Z,us-iran-nuclear-deal-before-2027,US-Iran nuclear deal before 2027?,0.535,0.535,0.535,flat,flat,True,0.0,0.0,0.0,haiku
2026-05-02T13:30:09Z,2026-05-01T13:43:05Z,save-act-signed-into-law-in-2026,H.R. 22 (SAVE Act) signed into law in 2026?,0.105,0.105,0.11,flat,up,True,2.5e-05,2.5e-05,0.0,haiku
2026-05-02T13:30:09Z,2026-05-01T13:43:05Z,us-recession-by-end-of-2026,US recession by end of 2026?,0.23,0.23,0.24,flat,up,True,0.0001,0.0001,0.0,haiku
2026-05-03T03:48:57Z,2026-05-02T03:32:34Z,us-iran-nuclear-deal-before-2027,US-Iran nuclear deal before 2027?,0.535,0.535,0.505,flat,down,False,0.0009,0.0009,0.0,haiku
2026-05-03T03:48:57Z,2026-05-02T03:32:34Z,save-act-signed-into-law-in-2026,H.R. 22 (SAVE Act) signed into law in 2026?,0.11,0.11,0.11,flat,flat,True,0.0,0.0,0.0,haiku
2026-05-03T03:48:57Z,2026-05-02T03:32:34Z,us-recession-by-end-of-2026,US recession by end of 2026?,0.235,0.235,0.235,flat,flat,True,0.0,0.0,0.0,haiku
2026-05-03T03:48:57Z,2026-05-02T03:32:34Z,gta-6-launch-postponed-again,GTA 6 launch postponed again?,0.22,0.22,0.22,flat,flat,True,0.0,0.0,0.0,haiku
2026-05-03T09:29:59Z,2026-05-02T13:29:46Z,us-iran-nuclear-deal-before-2027,US-Iran nuclear deal before 2027?,0.535,0.535,0.505,flat,down,False,0.0009,0.0009,0.0,haiku
2026-05-03T09:29:59Z,2026-05-02T13:29:46Z,save-act-signed-into-law-in-2026,H.R. 22 (SAVE Act) signed into law in 2026?,0.11,0.11,0.11,flat,flat,True,0.0,0.0,0.0,haiku
2026-05-03T09:29:59Z,2026-05-02T13:29:46Z,us-recession-by-end-of-2026,US recession by end of 2026?,0.24,0.24,0.235,flat,down,True,2.5e-05,2.5e-05,0.0,haiku
2026-05-04T03:46:03Z,2026-05-03T03:48:20Z,us-iran-nuclear-deal-before-2027,US-Iran nuclear deal before 2027?,0.505,0.505,0.515,flat,up,False,0.0001,0.0001,0.0,haiku
2026-05-04T03:46:03Z,2026-05-03T03:48:20Z,save-act-signed-into-law-in-2026,H.R. 22 (SAVE Act) signed into law in 2026?,0.11,0.11,0.11,flat,flat,True,0.0,0.0,0.0,haiku
2026-05-04T03:46:03Z,2026-05-03T03:48:20Z,us-recession-by-end-of-2026,US recession by end of 2026?,0.235,0.235,0.255,flat,up,False,0.0004,0.0004,0.0,haiku
2026-05-04T03:46:03Z,2026-05-03T03:48:20Z,gta-6-launch-postponed-again,GTA 6 launch postponed again?,0.22,0.22,0.235,flat,up,False,0.000225,0.000225,0.0,haiku
2026-05-04T10:25:23Z,2026-05-03T13:26:55Z,us-iran-nuclear-deal-before-2027,US-Iran nuclear deal before 2027?,0.515,0.515,0.525,flat,up,False,0.0001,0.0001,0.0,haiku
2026-05-04T10:25:23Z,2026-05-03T13:26:55Z,save-act-signed-into-law-in-2026,H.R. 22 (SAVE Act) signed into law in 2026?,0.11,0.11,0.11,flat,flat,True,0.0,0.0,0.0,haiku
2026-05-04T10:25:23Z,2026-05-03T13:26:55Z,us-recession-by-end-of-2026,US recession by end of 2026?,0.235,0.235,0.25,flat,up,False,0.000225,0.000225,0.0,haiku
2026-05-05T03:35:42Z,2026-05-04T03:45:20Z,us-iran-nuclear-deal-before-2027,US-Iran nuclear deal before 2027?,0.515,0.515,0.495,flat,down,False,0.0004,0.0004,0.0,haiku
2026-05-05T03:35:42Z,2026-05-04T03:45:20Z,save-act-signed-into-law-in-2026,H.R. 22 (SAVE Act) signed into law in 2026?,0.11,0.11,0.11,flat,flat,True,0.0,0.0,0.0,haiku
2026-05-05T03:35:42Z,2026-05-04T03:45:20Z,us-recession-by-end-of-2026,US recession by end of 2026?,0.255,0.255,0.245,flat,down,False,0.0001,0.0001,0.0,haiku
2026-05-05T03:35:42Z,2026-05-04T03:45:20Z,gta-6-launch-postponed-again,GTA 6 launch postponed again?,0.235,0.235,0.235,flat,flat,True,0.0,0.0,0.0,haiku
2026-05-05T17:49:25Z,2026-05-04T14:19:27Z,us-iran-nuclear-deal-before-2027,US-Iran nuclear deal before 2027?,0.505,0.505,0.5,flat,down,True,2.5e-05,2.5e-05,0.0,haiku
2026-05-05T17:49:25Z,2026-05-04T14:19:27Z,save-act-signed-into-law-in-2026,H.R. 22 (SAVE Act) signed into law in 2026?,0.11,0.11,0.1,flat,down,True,0.0001,0.0001,0.0,haiku
2026-05-05T17:49:25Z,2026-05-04T14:19:27Z,us-recession-by-end-of-2026,US recession by end of 2026?,0.25,0.25,0.245,flat,down,True,2.5e-05,2.5e-05,0.0,haiku
2026-05-06T03:45:41Z,2026-05-05T03:35:01Z,us-iran-nuclear-deal-before-2027,US-Iran nuclear deal before 2027?,0.495,0.495,0.525,flat,up,False,0.0009,0.0009,0.0,haiku
2026-05-06T03:45:41Z,2026-05-05T03:35:01Z,save-act-signed-into-law-in-2026,H.R. 22 (SAVE Act) signed into law in 2026?,0.11,0.11,0.1,flat,down,True,0.0001,0.0001,0.0,haiku
2026-05-06T03:45:41Z,2026-05-05T03:35:01Z,us-recession-by-end-of-2026,US recession by end of 2026?,0.245,0.245,0.245,flat,flat,True,0.0,0.0,0.0,haiku
2026-05-06T03:45:41Z,2026-05-05T03:35:01Z,gta-6-launch-postponed-again,GTA 6 launch postponed again?,0.235,0.235,0.235,flat,flat,True,0.0,0.0,0.0,haiku
2026-05-07T03:46:33Z,2026-05-06T03:45:11Z,us-iran-nuclear-deal-before-2027,US-Iran nuclear deal before 2027?,0.525,0.525,0.64,flat,up,False,0.013225,0.013225,0.0,haiku
2026-05-07T03:46:33Z,2026-05-06T03:45:11Z,save-act-signed-into-law-in-2026,H.R. 22 (SAVE Act) signed into law in 2026?,0.1,0.1,0.1,flat,flat,True,0.0,0.0,0.0,haiku
2026-05-07T03:46:33Z,2026-05-06T03:45:11Z,us-recession-by-end-of-2026,US recession by end of 2026?,0.245,0.245,0.225,flat,down,False,0.0004,0.0004,0.0,haiku
2026-05-07T03:46:33Z,2026-05-06T03:45:11Z,gta-6-launch-postponed-again,GTA 6 launch postponed again?,0.235,0.235,0.27,flat,up,False,0.001225,0.001225,0.0,haiku
2026-05-08T03:41:03Z,2026-05-07T03:46:01Z,us-iran-nuclear-deal-before-2027,US-Iran nuclear deal before 2027?,0.64,0.64,0.625,flat,down,False,0.000225,0.000225,0.0,haiku
2026-05-08T03:41:03Z,2026-05-07T03:46:01Z,save-act-signed-into-law-in-2026,H.R. 22 (SAVE Act) signed into law in 2026?,0.1,0.1,0.1,flat,flat,True,0.0,0.0,0.0,haiku
2026-05-08T03:41:03Z,2026-05-07T03:46:01Z,us-recession-by-end-of-2026,US recession by end of 2026?,0.225,0.225,0.225,flat,flat,True,0.0,0.0,0.0,haiku
2026-05-08T03:41:03Z,2026-05-07T03:46:01Z,gta-6-launch-postponed-again,GTA 6 launch postponed again?,0.27,0.27,0.25,flat,down,False,0.0004,0.0004,0.0,haiku
2026-05-08T14:09:28Z,2026-05-07T14:33:21Z,us-iran-nuclear-deal-before-2027,US-Iran nuclear deal before 2027?,0.64,0.64,0.605,flat,down,False,0.001225,0.001225,0.0,haiku
2026-05-08T14:09:28Z,2026-05-07T14:33:21Z,save-act-signed-into-law-in-2026,H.R. 22 (SAVE Act) signed into law in 2026?,0.1,0.1,0.1,flat,flat,True,0.0,0.0,0.0,haiku
2026-05-08T14:09:28Z,2026-05-07T14:33:21Z,us-recession-by-end-of-2026,US recession by end of 2026?,0.225,0.225,0.22,flat,down,True,2.5e-05,2.5e-05,0.0,haiku
2026-05-09T03:38:39Z,2026-05-08T03:40:28Z,us-iran-nuclear-deal-before-2027,US-Iran nuclear deal before 2027?,0.625,0.625,0.635,flat,up,False,0.0001,0.0001,0.0,haiku
2026-05-09T03:38:39Z,2026-05-08T03:40:28Z,save-act-signed-into-law-in-2026,H.R. 22 (SAVE Act) signed into law in 2026?,0.1,0.1,0.1,flat,flat,True,0.0,0.0,0.0,haiku
2026-05-09T03:38:39Z,2026-05-08T03:40:28Z,us-recession-by-end-of-2026,US recession by end of 2026?,0.225,0.225,0.225,flat,flat,True,0.0,0.0,0.0,haiku
2026-05-09T03:38:39Z,2026-05-08T03:40:28Z,gta-6-launch-postponed-again,GTA 6 launch postponed again?,0.245,0.245,0.22,flat,down,False,0.000625,0.000625,0.0,haiku
2026-05-09T13:36:00Z,2026-05-08T14:09:03Z,us-iran-nuclear-deal-before-2027,US-Iran nuclear deal before 2027?,0.605,0.605,0.615,flat,up,False,0.0001,0.0001,0.0,haiku
2026-05-09T13:36:00Z,2026-05-08T14:09:03Z,save-act-signed-into-law-in-2026,H.R. 22 (SAVE Act) signed into law in 2026?,0.1,0.1,0.1,flat,flat,True,0.0,0.0,0.0,haiku
2026-05-09T13:36:00Z,2026-05-08T14:09:03Z,us-recession-by-end-of-2026,US recession by end of 2026?,0.22,0.22,0.225,flat,up,True,2.5e-05,2.5e-05,0.0,haiku
2026-05-10T03:52:45Z,2026-05-09T03:38:07Z,us-iran-nuclear-deal-before-2027,US-Iran nuclear deal before 2027?,0.635,0.635,0.625,flat,down,False,0.0001,0.0001,0.0,haiku
2026-05-10T03:52:45Z,2026-05-09T03:38:07Z,save-act-signed-into-law-in-2026,H.R. 22 (SAVE Act) signed into law in 2026?,0.1,0.1,0.1,flat,flat,True,0.0,0.0,0.0,haiku
2026-05-10T03:52:45Z,2026-05-09T03:38:07Z,us-recession-by-end-of-2026,US recession by end of 2026?,0.225,0.225,0.225,flat,flat,True,0.0,0.0,0.0,haiku
2026-05-10T03:52:45Z,2026-05-09T03:38:07Z,gta-6-launch-postponed-again,GTA 6 launch postponed again?,0.22,0.22,0.26,flat,up,False,0.0016,0.0016,0.0,haiku
2026-05-10T09:50:06Z,2026-05-09T13:35:34Z,us-iran-nuclear-deal-before-2027,US-Iran nuclear deal before 2027?,0.615,0.615,0.72,flat,up,False,0.011025,0.011025,0.0,haiku
2026-05-10T09:50:06Z,2026-05-09T13:35:34Z,save-act-signed-into-law-in-2026,H.R. 22 (SAVE Act) signed into law in 2026?,0.1,0.1,0.1,flat,flat,True,0.0,0.0,0.0,haiku
2026-05-10T09:50:06Z,2026-05-09T13:35:34Z,us-recession-by-end-of-2026,US recession by end of 2026?,0.225,0.225,0.215,flat,down,False,0.0001,0.0001,0.0,haiku
2026-05-11T04:07:04Z,2026-05-10T03:52:16Z,us-iran-nuclear-deal-before-2027,US-Iran nuclear deal before 2027?,0.625,0.625,0.615,flat,down,False,0.0001,0.0001,0.0,haiku
2026-05-11T04:07:04Z,2026-05-10T03:52:16Z,save-act-signed-into-law-in-2026,H.R. 22 (SAVE Act) signed into law in 2026?,0.1,0.1,0.095,flat,down,True,2.5e-05,2.5e-05,0.0,haiku
2026-05-11T04:07:04Z,2026-05-10T03:52:16Z,us-recession-by-end-of-2026,US recession by end of 2026?,0.225,0.225,0.225,flat,flat,True,0.0,0.0,0.0,haiku
2026-05-11T04:07:04Z,2026-05-10T03:52:16Z,gta-6-launch-postponed-again,GTA 6 launch postponed again?,0.255,0.255,0.285,flat,up,False,0.0009,0.0009,0.0,haiku
2026-05-11T11:36:03Z,2026-05-10T13:45:22Z,us-iran-nuclear-deal-before-2027,US-Iran nuclear deal before 2027?,0.685,0.685,0.61,flat,down,False,0.005625,0.005625,0.0,haiku
2026-05-11T11:36:03Z,2026-05-10T13:45:22Z,save-act-signed-into-law-in-2026,H.R. 22 (SAVE Act) signed into law in 2026?,0.1,0.1,0.095,flat,down,True,2.5e-05,2.5e-05,0.0,haiku
2026-05-11T11:36:03Z,2026-05-10T13:45:22Z,us-recession-by-end-of-2026,US recession by end of 2026?,0.215,0.215,0.225,flat,up,False,0.0001,0.0001,0.0,haiku
2026-05-12T14:44:24Z,2026-05-11T15:28:17Z,us-iran-nuclear-deal-before-2027,US-Iran nuclear deal before 2027?,0.595,0.595,0.555,flat,down,False,0.0016,0.0016,0.0,haiku
2026-05-12T14:44:24Z,2026-05-11T15:28:17Z,save-act-signed-into-law-in-2026,H.R. 22 (SAVE Act) signed into law in 2026?,0.09,0.09,0.095,flat,up,True,2.5e-05,2.5e-05,0.0,haiku
2026-05-12T14:44:24Z,2026-05-11T15:28:17Z,us-recession-by-end-of-2026,US recession by end of 2026?,0.225,0.225,0.215,flat,down,False,0.0001,0.0001,0.0,haiku
